customerID,gender,SeniorCitizen,Partner,Dependents,tenure,PhoneService,MultipleLines,InternetService,OnlineSecurity,OnlineBackup,DeviceProtection,TechSupport,StreamingTV,StreamingMovies,Contract,PaperlessBilling,PaymentMethod,MonthlyCharges,TotalCharges,Churn
CUST-00001,Male,0,No,No,37,Yes,No,No,No,No,No,Yes,Yes,No internet service,Two year,Yes,Bank transfer (automatic),53.41,1984.22,No
CUST-00002,Female,0,No,No,33,No,Yes,DSL,No,Yes,Yes,No internet service,No,Yes,Two year,Yes,Bank transfer (automatic),60.94,2030.18,No
CUST-00003,Female,0,No,No,5,Yes,No,No,No,Yes,Yes,No internet service,No,Yes,Two year,Yes,Mailed check,118.44,592.2,No
CUST-00004,Male,0,No,Yes,8,Yes,Yes,No,No,No internet service,No internet service,Yes,No internet service,Yes,Month-to-month,Yes,Credit card (automatic),26.59,212.72,Yes
CUST-00005,Male,0,Yes,No,43,Yes,Yes,Fiber optic,No,No,No,No,No,Yes,Month-to-month,Yes,Electronic check,29.39,1263.77,Yes
CUST-00006,Female,0,Yes,Yes,41,Yes,No,DSL,No,Yes,Yes,No,Yes,No internet service,Month-to-month,Yes,Mailed check,62.41,2562.73,Yes
CUST-00007,Male,1,Yes,No,40,Yes,Yes,No,No,Yes,No internet service,No internet service,Yes,No internet service,Month-to-month,Yes,Mailed check,35.26,1410.4,No
CUST-00008,Female,0,No,Yes,11,Yes,No,Fiber optic,No,No internet service,No,No,No internet service,Yes,Two year,Yes,Electronic check,87.85,966.35,No
CUST-00009,Male,0,Yes,Yes,37,Yes,No,DSL,No,No,No,Yes,No,No,One year,No,Bank transfer (automatic),54.79,2027.23,No
CUST-00010,Male,0,Yes,No,4,Yes,Yes,No,No,No,Yes,No,No,No internet service,One year,No,Credit card (automatic),104.31,437.5,Yes
CUST-00011,Female,0,Yes,Yes,10,Yes,No,Fiber optic,No,Yes,Yes,Yes,No,Yes,Month-to-month,No,Electronic check,94.36,943.6,Yes
CUST-00012,Female,0,No,Yes,36,No,No,No,No,Yes,Yes,No,No internet service,Yes,Month-to-month,Yes,Credit card (automatic),66.02,2376.72,Yes
CUST-00013,Female,0,No,No,45,Yes,No,Fiber optic,No internet service,No internet service,No internet service,No,No internet service,No internet service,Two year,Yes,Credit card (automatic),104.19,4699.12,No
CUST-00014,Female,1,No,Yes,47,Yes,Yes,DSL,Yes,No,No,No,Yes,No,Month-to-month,No,Credit card (automatic),28.28,1329.16,Yes
CUST-00015,Female,0,No,No,71,Yes,No phone service,No,Yes,No,No internet service,Yes,No internet service,Yes,Month-to-month,No,Electronic check,77.27,5503.79,Yes
CUST-00016,Female,0,Yes,No,62,No,No,Fiber optic,Yes,No internet service,Yes,No,Yes,No,One year,Yes,Credit card (automatic),79.72,4942.64,No
CUST-00017,Female,0,Yes,Yes,27,Yes,No,Fiber optic,No,No,No,No,No,Yes,One year,No,Mailed check,43.09,1163.43,No
CUST-00018,Male,1,Yes,No,57,Yes,Yes,Fiber optic,No,No internet service,No,No,No internet service,No,Month-to-month,No,Bank transfer (automatic),23.06,1342.83,Yes
CUST-00019,Female,0,No,Yes,6,Yes,No,DSL,No,Yes,No,Yes,Yes,No,Month-to-month,No,Mailed check,72.59,460.29,Yes
CUST-00020,Male,0,No,No,62,Yes,No,Fiber optic,Yes,No,No,Yes,Yes,Yes,Two year,No,Bank transfer (automatic),70.4,4364.8,No
CUST-00021,Female,1,Yes,Yes,28,No,Yes,Fiber optic,No internet service,No internet service,No,No internet service,No,No,Two year,Yes,Bank transfer (automatic),84.67,2378.67,No
CUST-00022,Male,0,Yes,Yes,55,No,No phone service,No,No,No internet service,Yes,No,No internet service,No,Month-to-month,No,Credit card (automatic),39.72,2184.6,No
CUST-00023,Male,1,Yes,No,70,Yes,No phone service,No,No,No,Yes,No,Yes,No,Two year,No,Mailed check,36.32,2554.78,No
CUST-00024,Female,0,No,No,51,Yes,No,Fiber optic,Yes,No,No internet service,No,No,No,Month-to-month,No,Electronic check,117.75,6005.25,No
CUST-00025,Female,0,Yes,No,67,Yes,No,DSL,Yes,No internet service,Yes,No internet service,No,No,One year,No,Bank transfer (automatic),29.6,2000.64,No
CUST-00026,Female,0,No,No,0,Yes,No,Fiber optic,Yes,No,Yes,No,No,Yes,One year,No,Credit card (automatic),119.94,23.9,No
CUST-00027,Male,1,Yes,No,12,Yes,No,DSL,No,Yes,No internet service,Yes,No,Yes,Two year,No,Electronic check,91.44,1097.28,No
CUST-00028,Female,0,No,No,45,Yes,No,No,No,No,Yes,Yes,No,No,Two year,Yes,Credit card (automatic),82.19,3699.9,No
CUST-00029,Female,0,No,No,39,Yes,Yes,Fiber optic,Yes,No,No,Yes,No internet service,No,Month-to-month,Yes,Credit card (automatic),52.66,2078.06,Yes
CUST-00030,Male,0,Yes,No,8,Yes,Yes,No,No,No,No internet service,No internet service,No,Yes,Month-to-month,No,Bank transfer (automatic),106.52,852.16,Yes
CUST-00031,Male,0,No,No,52,Yes,Yes,Fiber optic,Yes,No internet service,No,No,No internet service,No internet service,Two year,No,Credit card (automatic),110.83,5763.16,No
CUST-00032,Male,0,No,No,4,Yes,No phone service,DSL,No,No,Yes,No,No internet service,No internet service,Month-to-month,Yes,Mailed check,91.63,379.75,Yes
CUST-00033,Male,0,No,No,72,Yes,Yes,No,Yes,Yes,No,No,Yes,Yes,One year,Yes,Electronic check,90.41,6509.52,No
CUST-00034,Female,1,No,No,11,Yes,No,Fiber optic,Yes,Yes,No,No internet service,No,Yes,Month-to-month,No,Bank transfer (automatic),68.3,751.3,No
CUST-00035,Female,0,Yes,Yes,32,Yes,No,No,Yes,No internet service,No,No internet service,No,No,Month-to-month,Yes,Bank transfer (automatic),25.94,830.08,No
CUST-00036,Male,0,Yes,No,60,Yes,Yes,No,No,Yes,No,No,Yes,Yes,One year,Yes,Credit card (automatic),119.9,7228.93,Yes
CUST-00037,Female,0,No,No,37,Yes,No phone service,Fiber optic,No internet service,No internet service,No internet service,Yes,No,No internet service,Month-to-month,No,Electronic check,19.59,766.09,No
CUST-00038,Female,0,Yes,No,54,Yes,No,Fiber optic,No,Yes,Yes,Yes,No,No,Two year,Yes,Electronic check,68.53,3700.62,No
CUST-00039,Male,0,Yes,No,51,Yes,Yes,Fiber optic,Yes,No,Yes,No,Yes,Yes,Month-to-month,Yes,Bank transfer (automatic),55.45,2827.95,No
CUST-00040,Female,0,Yes,No,69,No,Yes,No,No internet service,No internet service,No,No,No,No,Month-to-month,No,Mailed check,97.17,6704.73,Yes
CUST-00041,Male,0,Yes,No,33,Yes,Yes,No,No internet service,No,No,No,No,Yes,Month-to-month,No,Electronic check,93.05,3106.69,Yes
CUST-00042,Female,0,Yes,No,71,Yes,Yes,DSL,No,No internet service,No internet service,No,No,No,Month-to-month,Yes,Bank transfer (automatic),82.06,5843.1,No
CUST-00043,Female,0,Yes,Yes,37,Yes,Yes,Fiber optic,Yes,Yes,Yes,No,No internet service,Yes,One year,Yes,Electronic check,25.62,977.22,Yes
CUST-00044,Male,0,No,No,65,Yes,No,DSL,No,No,Yes,No,Yes,No internet service,Month-to-month,Yes,Credit card (automatic),42.16,2760.37,Yes
CUST-00045,Male,0,No,No,53,No,Yes,Fiber optic,No internet service,No,No,Yes,No,No,Month-to-month,No,Mailed check,27.6,1462.8,No
CUST-00046,Female,0,Yes,Yes,9,No,Yes,No,No,No internet service,No internet service,No internet service,No,No internet service,Two year,Yes,Bank transfer (automatic),117.86,1060.74,No
CUST-00047,Male,0,Yes,Yes,46,Yes,Yes,No,No,Yes,Yes,No,No,Yes,Month-to-month,Yes,Bank transfer (automatic),31.03,1427.38,Yes
CUST-00048,Female,0,No,Yes,64,Yes,Yes,Fiber optic,No,Yes,No internet service,Yes,No,Yes,Month-to-month,No,Bank transfer (automatic),116.65,7465.6,No
CUST-00049,Female,1,Yes,No,9,Yes,No phone service,Fiber optic,No internet service,No,No,No,Yes,No internet service,Two year,No,Mailed check,29.5,265.5,Yes
CUST-00050,Female,0,Yes,No,61,Yes,Yes,DSL,Yes,No internet service,Yes,No,Yes,Yes,One year,Yes,Electronic check,105.95,6462.95,No
CUST-00051,Female,0,Yes,No,7,No,Yes,DSL,Yes,No internet service,No,No,No,Yes,Month-to-month,Yes,Bank transfer (automatic),76.61,549.08,No
CUST-00052,Male,0,Yes,No,63,Yes,No,Fiber optic,No internet service,No internet service,Yes,Yes,Yes,No internet service,Two year,No,Mailed check,102.84,6481.64,No
CUST-00053,Male,0,Yes,No,57,Yes,No phone service,No,Yes,No,No,No,No internet service,No,Month-to-month,Yes,Credit card (automatic),82.67,4736.59,Yes
CUST-00054,Male,0,Yes,No,11,Yes,No,Fiber optic,No,No,Yes,No,No,No internet service,Month-to-month,No,Credit card (automatic),96.42,1065.66,Yes
CUST-00055,Male,0,No,No,53,Yes,No,DSL,Yes,No internet service,No,Yes,Yes,No,Month-to-month,Yes,Electronic check,92.54,4904.62,No
CUST-00056,Male,0,No,No,8,Yes,No phone service,Fiber optic,Yes,No internet service,Yes,No,Yes,No,Two year,Yes,Mailed check,44.54,360.09,Yes
CUST-00057,Female,1,Yes,Yes,41,Yes,No,DSL,Yes,No internet service,No internet service,No,No internet service,No,Month-to-month,Yes,Mailed check,113.37,4648.17,Yes
CUST-00058,Male,0,No,No,67,Yes,No phone service,DSL,No,No internet service,No internet service,No,Yes,No,Two year,Yes,Mailed check,83.65,5604.55,No
CUST-00059,Female,0,No,No,15,Yes,Yes,No,No,No internet service,No,No,No,Yes,Month-to-month,No,Bank transfer (automatic),38.61,592.01,No
CUST-00060,Female,0,Yes,No,12,Yes,No,DSL,No,Yes,No,No,Yes,No internet service,Month-to-month,No,Mailed check,49.22,611.01,Yes
CUST-00061,Female,1,Yes,No,30,Yes,No,Fiber optic,No,Yes,No internet service,No,No internet service,No,Two year,No,Electronic check,72.37,2172.54,No
CUST-00062,Female,0,No,No,26,Yes,No phone service,Fiber optic,No internet service,No internet service,Yes,No internet service,No,No,Two year,No,Mailed check,107.95,2806.7,No
CUST-00063,Male,0,Yes,Yes,3,Yes,No,DSL,No,No,No internet service,No,No,No internet service,Month-to-month,Yes,Credit card (automatic),99.27,297.81,Yes
CUST-00064,Female,0,Yes,No,33,Yes,No,DSL,No internet service,Yes,No,No internet service,No,No,Month-to-month,No,Mailed check,48.81,1634.07,No
CUST-00065,Male,0,Yes,Yes,18,Yes,Yes,DSL,No,No,No internet service,No,Yes,Yes,One year,No,Mailed check,88.23,1597.99,No
CUST-00066,Male,1,Yes,No,9,Yes,No,DSL,Yes,No,Yes,No,No,No,Month-to-month,Yes,Credit card (automatic),18.17,169.35,No
CUST-00067,Female,0,Yes,Yes,20,Yes,Yes,No,No,No internet service,Yes,No,Yes,No,Month-to-month,No,Electronic check,51.93,1038.6,Yes
CUST-00068,Male,0,Yes,No,1,No,No,Fiber optic,No internet service,No internet service,Yes,No,Yes,Yes,Month-to-month,No,Mailed check,103.64,103.64,Yes
CUST-00069,Male,0,Yes,No,66,Yes,No,Fiber optic,Yes,Yes,Yes,No internet service,Yes,Yes,Two year,Yes,Electronic check,33.42,2205.72,No
CUST-00070,Male,0,No,Yes,72,Yes,Yes,Fiber optic,No,No,Yes,No,No,No,Month-to-month,Yes,Bank transfer (automatic),54.05,3896.65,Yes
CUST-00071,Female,1,Yes,No,26,Yes,Yes,No,No,Yes,No internet service,No,No internet service,No,Month-to-month,Yes,Credit card (automatic),18.11,470.86,Yes
CUST-00072,Male,0,No,No,63,Yes,Yes,DSL,Yes,No internet service,Yes,No internet service,Yes,No internet service,Month-to-month,No,Mailed check,20.36,1282.68,Yes
CUST-00073,Male,0,No,No,33,Yes,No,No,No,Yes,Yes,No internet service,No internet service,Yes,Month-to-month,No,Credit card (automatic),32.89,1119.73,Yes
CUST-00074,Male,1,No,Yes,66,Yes,No,DSL,Yes,No,Yes,No internet service,No internet service,No,Month-to-month,No,Credit card (automatic),28.39,1873.74,No
CUST-00075,Female,1,No,Yes,12,Yes,No,No,Yes,No,No,Yes,Yes,Yes,Month-to-month,No,Bank transfer (automatic),67.95,815.4,Yes
CUST-00076,Male,0,Yes,No,20,Yes,Yes,DSL,No internet service,No,No,Yes,Yes,No internet service,One year,Yes,Electronic check,109.8,2196.0,Yes
CUST-00077,Male,0,Yes,No,54,Yes,No,DSL,No,No,Yes,No,Yes,No internet service,Month-to-month,No,Electronic check,26.63,1438.02,No
CUST-00078,Male,0,Yes,No,16,No,No,Fiber optic,No,No,No internet service,No,Yes,No internet service,Month-to-month,Yes,Electronic check,106.72,1707.52,Yes
CUST-00079,Female,0,No,Yes,60,Yes,Yes,DSL,No,No,No internet service,Yes,No,No,Two year,No,Mailed check,86.15,5169.0,Yes
CUST-00080,Female,0,No,No,31,No,Yes,Fiber optic,No internet service,Yes,Yes,No,No,Yes,Month-to-month,Yes,Mailed check,35.23,1100.8,Yes
CUST-00081,Female,0,No,No,29,Yes,No,Fiber optic,No,No,No internet service,No,No,No,Month-to-month,Yes,Electronic check,47.55,1378.95,Yes
CUST-00082,Male,1,Yes,Yes,33,Yes,Yes,Fiber optic,No,No,No,Yes,No,Yes,Month-to-month,Yes,Credit card (automatic),37.81,1247.73,Yes
CUST-00083,Male,1,Yes,No,58,Yes,Yes,DSL,Yes,Yes,No,No,Yes,Yes,One year,Yes,Bank transfer (automatic),98.51,5716.57,No
CUST-00084,Female,1,No,No,0,Yes,Yes,Fiber optic,No,No,No internet service,Yes,No internet service,Yes,Two year,Yes,Bank transfer (automatic),91.96,0.0,Yes
CUST-00085,Female,1,No,No,54,Yes,Yes,DSL,No,Yes,No internet service,No internet service,No,Yes,One year,Yes,Bank transfer (automatic),49.05,2648.7,No
CUST-00086,Female,0,No,No,56,Yes,Yes,No,No,No internet service,No,No,Yes,Yes,Two year,No,Bank transfer (automatic),23.54,1318.24,Yes
CUST-00087,Male,0,Yes,No,59,Yes,Yes,Fiber optic,No,Yes,No,No,No,No internet service,Month-to-month,No,Credit card (automatic),35.21,2077.39,No
CUST-00088,Male,0,Yes,No,72,Yes,No,Fiber optic,Yes,No,Yes,No,Yes,No,Two year,Yes,Mailed check,82.25,5928.86,Yes
CUST-00089,Female,0,Yes,Yes,57,Yes,No,No,No internet service,Yes,No,No,No internet service,No,Month-to-month,Yes,Electronic check,27.22,1555.9,Yes
CUST-00090,Female,0,No,Yes,38,Yes,No,Fiber optic,No internet service,No,No,No,No,Yes,Month-to-month,No,Mailed check,72.72,2785.9,No
CUST-00091,Male,0,Yes,Yes,34,Yes,No,Fiber optic,No,Yes,Yes,No internet service,No internet service,No,Month-to-month,No,Electronic check,80.52,2737.68,Yes
CUST-00092,Female,0,No,No,28,Yes,No,DSL,No,No,No internet service,No,No internet service,No,Month-to-month,No,Credit card (automatic),88.15,2472.96,Yes
CUST-00093,Female,0,Yes,No,60,Yes,Yes,Fiber optic,No,Yes,No,Yes,No,Yes,Month-to-month,No,Bank transfer (automatic),30.79,1896.32,Yes
CUST-00094,Male,0,Yes,Yes,28,Yes,Yes,Fiber optic,No,No internet service,Yes,No,No,No,Month-to-month,Yes,Mailed check,64.89,1816.92,Yes
CUST-00095,Female,0,Yes,Yes,41,Yes,Yes,DSL,No,No,No internet service,Yes,No,Yes,One year,Yes,Electronic check,65.27,2676.07,No
CUST-00096,Male,0,No,No,7,Yes,No,No,No,No internet service,No,No,Yes,No internet service,One year,No,Bank transfer (automatic),103.2,722.4,Yes
CUST-00097,Male,0,No,No,23,Yes,No,DSL,Yes,No,Yes,No,No internet service,No internet service,One year,No,Bank transfer (automatic),65.81,1513.63,No
CUST-00098,Female,0,No,No,19,Yes,Yes,Fiber optic,Yes,No,No,No,No,Yes,Month-to-month,Yes,Credit card (automatic),59.49,1130.31,Yes
CUST-00099,Female,1,No,No,31,Yes,No,DSL,No,No internet service,No internet service,Yes,No internet service,No,Month-to-month,No,Electronic check,30.59,958.96,Yes
CUST-00100,Male,0,Yes,No,36,Yes,No phone service,Fiber optic,No,Yes,No internet service,Yes,No,Yes,Two year,Yes,Bank transfer (automatic),88.84,3211.22,Yes
CUST-00101,Female,0,Yes,Yes,52,Yes,Yes,No,Yes,No,Yes,Yes,Yes,Yes,Month-to-month,Yes,Mailed check,81.22,4229.97,Yes
CUST-00102,Male,0,No,No,31,Yes,No,DSL,Yes,No,No,No,No,No,Month-to-month,Yes,Electronic check,91.13,2841.11,No
CUST-00103,Female,0,Yes,No,10,Yes,No,Fiber optic,No,No,No internet service,No,Yes,No,Month-to-month,No,Electronic check,84.94,849.4,Yes
CUST-00104,Male,0,Yes,No,39,Yes,No,Fiber optic,No,Yes,No internet service,No,Yes,No,Month-to-month,No,Mailed check,107.28,4193.7,No
CUST-00105,Female,0,No,No,3,Yes,No,No,No,No,Yes,Yes,No,Yes,Month-to-month,Yes,Bank transfer (automatic),107.49,322.74,Yes
CUST-00106,Female,0,No,Yes,61,Yes,No,DSL,No,No,No,Yes,Yes,No,One year,Yes,Electronic check,49.38,3014.68,No
CUST-00107,Female,0,Yes,No,56,Yes,Yes,No,No internet service,No,No internet service,No,No internet service,Yes,Two year,Yes,Credit card (automatic),36.61,2050.16,No
CUST-00108,Female,0,No,No,16,Yes,No,Fiber optic,No,Yes,Yes,No,No,Yes,Two year,Yes,Credit card (automatic),112.5,1800.0,Yes
CUST-00109,Male,1,No,No,19,Yes,No,Fiber optic,No internet service,No,No,No internet service,No,Yes,Month-to-month,No,Credit card (automatic),90.73,1723.87,Yes
CUST-00110,Female,0,No,No,2,Yes,Yes,Fiber optic,Yes,No internet service,No,Yes,Yes,Yes,Month-to-month,Yes,Credit card (automatic),117.04,240.49,Yes
CUST-00111,Male,0,No,No,26,No,No phone service,Fiber optic,No,Yes,No,Yes,Yes,Yes,Two year,No,Mailed check,68.69,1795.9,Yes
CUST-00112,Female,0,Yes,No,2,Yes,Yes,Fiber optic,Yes,No,No,No,No,Yes,Month-to-month,No,Mailed check,116.15,232.3,No
CUST-00113,Female,0,Yes,No,68,Yes,No,DSL,Yes,No internet service,Yes,No,Yes,No,Month-to-month,Yes,Electronic check,30.52,2075.36,Yes
CUST-00114,Male,1,No,No,9,Yes,No,Fiber optic,Yes,No internet service,No,No,No,Yes,One year,No,Credit card (automatic),78.22,703.98,No
CUST-00115,Female,1,Yes,No,48,Yes,No,Fiber optic,Yes,Yes,Yes,Yes,No,Yes,Month-to-month,No,Credit card (automatic),68.67,3306.22,Yes
CUST-00116,Female,0,Yes,Yes,41,Yes,No,Fiber optic,No internet service,No,No internet service,Yes,Yes,No internet service,Month-to-month,Yes,Electronic check,18.27,750.28,Yes
CUST-00117,Male,0,No,No,17,Yes,Yes,DSL,No,Yes,No,No,No,No internet service,Month-to-month,Yes,Credit card (automatic),37.68,640.56,No
CUST-00118,Male,0,Yes,No,58,Yes,No,Fiber optic,No internet service,No internet service,Yes,No,Yes,Yes,One year,No,Electronic check,33.65,1969.02,No
CUST-00119,Male,0,No,No,7,Yes,No,Fiber optic,No,No,No internet service,No,Yes,Yes,Month-to-month,No,Credit card (automatic),24.2,182.3,Yes
CUST-00120,Male,1,Yes,No,64,Yes,No,Fiber optic,No,No,No,No,No,Yes,Month-to-month,No,Electronic check,114.71,7341.44,Yes
CUST-00121,Male,0,Yes,No,54,Yes,No,No,Yes,Yes,No,No,Yes,No internet service,Month-to-month,Yes,Bank transfer (automatic),116.47,6290.36,No
CUST-00122,Female,0,No,No,46,Yes,No phone service,Fiber optic,No,No,Yes,Yes,Yes,Yes,Two year,No,Credit card (automatic),108.96,5012.16,No
CUST-00123,Female,0,No,No,64,No,No,Fiber optic,No,Yes,No,No internet service,No,Yes,Two year,No,Credit card (automatic),118.87,7610.47,No
CUST-00124,Male,0,Yes,No,29,Yes,Yes,DSL,No internet service,No internet service,No internet service,Yes,No,No,Two year,Yes,Electronic check,102.73,2979.17,Yes
CUST-00125,Female,0,Yes,No,20,Yes,No,No,No internet service,No,Yes,Yes,No internet service,No,Two year,Yes,Electronic check,113.08,2265.54,No
CUST-00126,Female,0,Yes,Yes,11,No,No phone service,DSL,Yes,No,No internet service,No internet service,No internet service,Yes,Month-to-month,Yes,Electronic check,38.16,434.0,No
CUST-00127,Male,0,Yes,No,67,Yes,Yes,Fiber optic,No,No internet service,Yes,Yes,No,Yes,Month-to-month,No,Credit card (automatic),44.2,2961.4,Yes
CUST-00128,Female,0,No,No,29,Yes,No,DSL,No,Yes,No,Yes,No,No,Month-to-month,Yes,Electronic check,105.93,3071.97,Yes
CUST-00129,Female,0,Yes,No,60,Yes,Yes,DSL,No,Yes,No,Yes,No,Yes,Month-to-month,No,Mailed check,66.91,4053.73,Yes
CUST-00130,Female,1,Yes,No,24,Yes,No,No,Yes,No,Yes,No,Yes,Yes,One year,Yes,Mailed check,91.13,2210.24,No
CUST-00131,Female,1,Yes,No,69,Yes,Yes,DSL,No,No,No internet service,No,No internet service,No internet service,Month-to-month,No,Mailed check,75.31,5196.39,No
CUST-00132,Female,0,Yes,No,63,Yes,No,DSL,No internet service,Yes,Yes,No internet service,No,No,Two year,Yes,Mailed check,49.18,3098.34,No
CUST-00133,Male,0,No,No,22,Yes,Yes,DSL,No,No internet service,No internet service,No,Yes,No,Month-to-month,No,Mailed check,47.05,1035.1,No
CUST-00134,Female,0,Yes,No,35,Yes,No,No,No,No,Yes,No,No,No,One year,Yes,Electronic check,94.31,3310.32,Yes
CUST-00135,Female,1,No,No,57,Yes,Yes,Fiber optic,Yes,No,Yes,Yes,No,No,Two year,No,Mailed check,72.27,4119.39,No
CUST-00136,Male,0,Yes,Yes,16,Yes,No,No,No internet service,No,No internet service,No internet service,No,Yes,Month-to-month,No,Credit card (automatic),54.66,887.89,No
CUST-00137,Female,0,Yes,No,1,Yes,No,No,Yes,Yes,No,No internet service,Yes,No,One year,Yes,Electronic check,80.94,101.46,No
CUST-00138,Male,0,No,No,21,Yes,No,No,Yes,Yes,Yes,No internet service,No internet service,Yes,One year,Yes,Credit card (automatic),60.83,1277.43,Yes
CUST-00139,Male,0,Yes,No,43,Yes,Yes,Fiber optic,No,No,No,Yes,Yes,Yes,Two year,Yes,Mailed check,66.46,2857.78,No
CUST-00140,Male,0,Yes,No,9,Yes,Yes,DSL,No internet service,No,Yes,No,No internet service,Yes,Two year,Yes,Mailed check,87.15,809.33,No
CUST-00141,Female,0,Yes,No,24,Yes,No,DSL,No,No,No internet service,No,No,No,Month-to-month,No,Mailed check,64.71,1553.08,Yes
CUST-00142,Male,0,Yes,No,67,Yes,No phone service,DSL,Yes,No internet service,Yes,No internet service,No internet service,No,Month-to-month,Yes,Credit card (automatic),114.89,7699.49,Yes
CUST-00143,Male,0,No,Yes,5,Yes,Yes,Fiber optic,Yes,Yes,No,Yes,No internet service,No,Two year,No,Credit card (automatic),67.49,337.45,No
CUST-00144,Male,0,No,No,3,Yes,No,DSL,No,No,Yes,No,No,No,One year,Yes,Credit card (automatic),116.11,352.19,No
CUST-00145,Female,0,Yes,No,30,Yes,Yes,DSL,No,No,No,No,No internet service,No internet service,One year,No,Electronic check,104.46,3133.8,Yes
CUST-00146,Female,0,No,Yes,0,Yes,No,Fiber optic,Yes,Yes,No internet service,No internet service,Yes,Yes,Month-to-month,Yes,Credit card (automatic),108.87,0.0,No
CUST-00147,Male,0,No,Yes,2,Yes,Yes,DSL,No internet service,No internet service,No internet service,No,Yes,Yes,Month-to-month,No,Bank transfer (automatic),95.85,218.5,No
CUST-00148,Male,0,No,No,13,Yes,No,DSL,Yes,No internet service,No,No internet service,Yes,No,Month-to-month,Yes,Electronic check,79.66,1070.76,Yes
CUST-00149,Female,0,Yes,No,7,Yes,Yes,DSL,No,Yes,Yes,No,No,No,Two year,No,Mailed check,72.33,526.67,No
CUST-00150,Male,1,No,No,59,Yes,Yes,Fiber optic,Yes,No internet service,Yes,Yes,Yes,No,Month-to-month,No,Credit card (automatic),74.27,4399.31,Yes
CUST-00151,Female,0,Yes,Yes,8,Yes,Yes,DSL,No,Yes,No internet service,No,No,Yes,Month-to-month,Yes,Bank transfer (automatic),38.55,343.7,Yes
CUST-00152,Male,1,No,No,38,Yes,Yes,DSL,No,No internet service,Yes,No internet service,No internet service,No internet service,Month-to-month,No,Bank transfer (automatic),39.87,1515.06,Yes
CUST-00153,Female,0,No,No,51,No,No,DSL,No,No internet service,No,Yes,No internet service,No,Month-to-month,Yes,Mailed check,21.48,1095.48,No
CUST-00154,Male,0,Yes,No,45,Yes,No phone service,Fiber optic,No,Yes,No,No,Yes,No internet service,Month-to-month,Yes,Electronic check,94.05,4232.25,Yes
CUST-00155,Male,0,Yes,No,47,Yes,No,DSL,No internet service,No,No internet service,No internet service,No,No,One year,Yes,Credit card (automatic),30.74,1450.74,No
CUST-00156,Female,0,No,Yes,26,Yes,No phone service,DSL,No internet service,No internet service,No,No internet service,Yes,No internet service,Month-to-month,No,Credit card (automatic),77.38,2011.88,Yes
CUST-00157,Male,0,Yes,No,64,Yes,No,No,No,Yes,No,No,Yes,Yes,Month-to-month,No,Mailed check,32.07,2052.48,Yes
CUST-00158,Female,0,No,Yes,5,No,Yes,No,No,No,No internet service,No internet service,No internet service,No,Month-to-month,Yes,Electronic check,24.79,124.06,No
CUST-00159,Female,0,No,No,7,Yes,Yes,DSL,No internet service,No,No internet service,Yes,No internet service,Yes,Month-to-month,No,Bank transfer (automatic),72.43,507.01,Yes
CUST-00160,Female,0,Yes,Yes,62,Yes,Yes,DSL,Yes,Yes,No,No,Yes,Yes,Two year,Yes,Credit card (automatic),107.06,6654.55,No
CUST-00161,Female,0,Yes,No,4,Yes,Yes,DSL,Yes,Yes,No internet service,No,Yes,Yes,Two year,Yes,Electronic check,54.31,218.13,Yes
CUST-00162,Female,0,Yes,Yes,14,Yes,No,Fiber optic,Yes,Yes,No,No,No,Yes,Two year,Yes,Bank transfer (automatic),111.76,1564.64,No
CUST-00163,Male,0,Yes,No,12,Yes,No,DSL,No internet service,No,No,Yes,No,No,Two year,Yes,Credit card (automatic),19.05,236.31,No
CUST-00164,Male,0,Yes,No,2,Yes,No,No,Yes,No,Yes,Yes,Yes,No,Month-to-month,No,Mailed check,65.51,162.66,No
CUST-00165,Male,0,Yes,No,8,No,No,No,Yes,No,No,No,Yes,Yes,Two year,Yes,Electronic check,32.97,264.34,Yes
CUST-00166,Female,1,No,Yes,41,Yes,Yes,Fiber optic,No,Yes,No,No,No,Yes,Month-to-month,Yes,Electronic check,50.21,2078.35,No
CUST-00167,Male,0,Yes,Yes,48,Yes,No,DSL,Yes,Yes,Yes,No internet service,Yes,Yes,Two year,Yes,Electronic check,20.42,980.16,No
CUST-00168,Male,0,No,No,6,Yes,Yes,No,No,No,Yes,No,No internet service,No,One year,No,Credit card (automatic),21.61,140.97,Yes
CUST-00169,Male,0,No,No,68,Yes,Yes,Fiber optic,No,Yes,No,No internet service,No,Yes,Month-to-month,No,Mailed check,90.71,6168.28,Yes
CUST-00170,Male,0,No,No,6,Yes,Yes,Fiber optic,Yes,No,Yes,No,No,No,Month-to-month,Yes,Electronic check,84.76,508.56,Yes
CUST-00171,Male,0,No,No,50,Yes,Yes,DSL,No internet service,No,No,No,No,Yes,Month-to-month,No,Credit card (automatic),39.25,1962.5,No
CUST-00172,Male,0,Yes,No,58,Yes,No,Fiber optic,Yes,No,No,No,No internet service,No,Month-to-month,Yes,Credit card (automatic),109.92,6384.89,Yes
CUST-00173,Female,0,No,No,38,Yes,Yes,No,No internet service,No,No,Yes,Yes,No,Month-to-month,No,Electronic check,88.17,3350.46,No
CUST-00174,Female,0,Yes,Yes,35,Yes,Yes,No,No,No internet service,Yes,No,No internet service,No,Two year,Yes,Bank transfer (automatic),52.29,1830.15,No
CUST-00175,Female,0,Yes,No,7,Yes,No phone service,Fiber optic,Yes,Yes,No,No internet service,Yes,No,Month-to-month,Yes,Mailed check,59.58,426.46,Yes
CUST-00176,Male,0,Yes,No,17,Yes,No phone service,Fiber optic,Yes,No internet service,No,Yes,No internet service,No internet service,One year,Yes,Electronic check,47.84,821.93,Yes
CUST-00177,Female,0,No,No,62,Yes,No,Fiber optic,No,Yes,No,No,Yes,Yes,Month-to-month,Yes,Electronic check,102.72,6370.89,Yes
CUST-00178,Male,0,No,No,25,No,No,Fiber optic,No,Yes,No,Yes,No internet service,Yes,Month-to-month,Yes,Bank transfer (automatic),68.38,1728.16,Yes
CUST-00179,Female,0,No,No,2,No,No,No,Yes,No,No internet service,No,Yes,No internet service,Month-to-month,No,Credit card (automatic),31.8,63.6,Yes
CUST-00180,Female,0,No,No,53,Yes,Yes,Fiber optic,No internet service,Yes,Yes,Yes,No internet service,No internet service,Month-to-month,Yes,Credit card (automatic),38.57,2049.84,Yes
CUST-00181,Female,0,Yes,No,49,Yes,No,DSL,No,No,No,No,No,No,Month-to-month,Yes,Bank transfer (automatic),48.25,2364.25,Yes
CUST-00182,Male,0,No,Yes,4,Yes,Yes,DSL,No internet service,No internet service,Yes,No,Yes,Yes,Month-to-month,No,Credit card (automatic),59.12,236.48,Yes
CUST-00183,Male,0,Yes,No,3,Yes,Yes,Fiber optic,Yes,No internet service,No internet service,Yes,No,Yes,Month-to-month,No,Electronic check,78.45,242.15,Yes
CUST-00184,Female,0,No,No,8,Yes,No phone service,No,Yes,No,Yes,No,Yes,No internet service,Month-to-month,No,Electronic check,116.34,976.05,Yes
CUST-00185,Male,0,Yes,No,3,Yes,No,DSL,No,No internet service,No,No internet service,No,No,Two year,Yes,Electronic check,44.72,149.01,Yes
CUST-00186,Male,0,No,No,44,Yes,No phone service,Fiber optic,Yes,No,No,No,Yes,Yes,Two year,No,Electronic check,51.5,2276.97,Yes
CUST-00187,Male,0,Yes,Yes,9,Yes,No,No,Yes,Yes,Yes,No internet service,No,Yes,Month-to-month,No,Credit card (automatic),20.44,199.43,No
CUST-00188,Male,1,No,Yes,44,Yes,No,Fiber optic,Yes,No internet service,No internet service,No,No internet service,No,One year,Yes,Electronic check,56.0,2464.0,No
CUST-00189,Male,0,Yes,Yes,12,Yes,No,DSL,Yes,Yes,Yes,No,No,No,Two year,Yes,Mailed check,86.86,1048.7,No
CUST-00190,Male,0,Yes,No,70,Yes,No,Fiber optic,No,Yes,Yes,No,No,No internet service,Month-to-month,Yes,Credit card (automatic),116.23,8154.31,Yes
CUST-00191,Female,0,No,Yes,52,Yes,No,Fiber optic,Yes,Yes,No,No internet service,No internet service,No,Month-to-month,Yes,Credit card (automatic),93.5,4863.69,No
CUST-00192,Female,0,Yes,No,27,Yes,Yes,DSL,No internet service,Yes,No,No,No,Yes,Month-to-month,No,Electronic check,30.04,811.08,No
CUST-00193,Female,1,Yes,No,31,Yes,No,Fiber optic,Yes,Yes,Yes,No,Yes,Yes,Month-to-month,No,Electronic check,108.78,3372.18,Yes
CUST-00194,Male,1,Yes,No,4,Yes,Yes,Fiber optic,No,Yes,Yes,No internet service,No,No,Two year,Yes,Electronic check,103.55,414.2,Yes
CUST-00195,Female,1,Yes,Yes,4,Yes,No,Fiber optic,No,No,Yes,No internet service,Yes,Yes,Two year,Yes,Electronic check,37.28,149.12,No
CUST-00196,Male,0,Yes,No,39,No,Yes,Fiber optic,No,No,No internet service,No,No,Yes,Month-to-month,No,Mailed check,113.3,4438.69,Yes
CUST-00197,Male,0,No,Yes,1,Yes,No,DSL,No internet service,No internet service,No,Yes,Yes,Yes,Month-to-month,Yes,Mailed check,90.84,120.87,Yes
CUST-00198,Male,0,Yes,No,46,Yes,Yes,DSL,No internet service,Yes,Yes,No,No internet service,Yes,Two year,Yes,Credit card (automatic),97.85,4539.8,No
CUST-00199,Male,0,Yes,Yes,27,Yes,Yes,DSL,Yes,Yes,No,No,No,No internet service,Month-to-month,No,Mailed check,64.83,1750.41,No
CUST-00200,Female,0,Yes,Yes,10,Yes,No,DSL,No,No,No internet service,No,No,Yes,Month-to-month,Yes,Mailed check,38.47,384.7,Yes
CUST-00201,Male,0,No,Yes,39,Yes,Yes,Fiber optic,No internet service,Yes,No internet service,No,Yes,No,Month-to-month,No,Mailed check,99.51,3880.89,Yes
CUST-00202,Female,0,No,No,40,Yes,No phone service,DSL,Yes,No,Yes,No,Yes,No,Two year,No,Bank transfer (automatic),66.7,2668.0,No
CUST-00203,Male,0,Yes,Yes,54,Yes,No,Fiber optic,No,No,No,No,No,Yes,One year,Yes,Mailed check,116.68,6300.72,No
CUST-00204,Female,0,Yes,No,14,No,Yes,DSL,Yes,No,Yes,No,No,No,One year,Yes,Electronic check,33.64,470.96,No
CUST-00205,Male,0,Yes,No,39,Yes,Yes,DSL,No,Yes,Yes,No,No internet service,No internet service,One year,No,Mailed check,54.25,2133.24,Yes
CUST-00206,Male,0,No,No,61,Yes,No,DSL,No,No,No internet service,No,No,No,Month-to-month,Yes,Bank transfer (automatic),93.03,5674.83,Yes
CUST-00207,Female,0,No,Yes,19,Yes,No,Fiber optic,No,No,No internet service,Yes,Yes,No,Month-to-month,Yes,Mailed check,76.37,1472.09,Yes
CUST-00208,Female,0,No,Yes,60,Yes,Yes,Fiber optic,No internet service,No internet service,Yes,No internet service,No,No internet service,Two year,Yes,Bank transfer (automatic),62.19,3758.75,No
CUST-00209,Male,0,Yes,No,52,Yes,Yes,No,No,Yes,No internet service,No,No,No internet service,Two year,No,Mailed check,89.56,4662.82,No
CUST-00210,Female,0,No,Yes,31,Yes,No,DSL,No internet service,No,No,No internet service,Yes,No internet service,Month-to-month,Yes,Credit card (automatic),92.8,2901.38,Yes
CUST-00211,Male,0,Yes,No,64,Yes,No phone service,Fiber optic,No,No,No,No,No,No,Month-to-month,Yes,Credit card (automatic),76.88,4920.32,Yes
CUST-00212,Female,0,No,No,70,Yes,Yes,Fiber optic,No,Yes,No internet service,Yes,Yes,No,Two year,Yes,Bank transfer (automatic),50.55,3538.5,No
CUST-00213,Female,0,No,No,17,Yes,Yes,DSL,No,No,No,No internet service,Yes,No,Month-to-month,Yes,Credit card (automatic),81.11,1382.66,Yes
CUST-00214,Male,0,Yes,Yes,71,Yes,Yes,DSL,No,No,No internet service,No,Yes,Yes,Month-to-month,No,Electronic check,73.61,5230.77,Yes
CUST-00215,Female,0,No,No,0,Yes,Yes,DSL,No internet service,Yes,Yes,No,No,No,Month-to-month,No,Bank transfer (automatic),99.36,28.58,Yes
CUST-00216,Male,0,No,Yes,9,Yes,No,DSL,Yes,No,No,No internet service,No,No internet service,Month-to-month,Yes,Mailed check,84.65,761.85,No
CUST-00217,Male,0,Yes,No,3,Yes,No phone service,No,No internet service,No,Yes,No internet service,Yes,Yes,One year,No,Credit card (automatic),68.67,206.01,No
CUST-00218,Male,0,Yes,Yes,26,Yes,No phone service,Fiber optic,No,No,No internet service,No,No internet service,No internet service,One year,No,Electronic check,19.91,517.66,No
CUST-00219,Male,0,Yes,No,68,Yes,No,Fiber optic,No,Yes,Yes,No internet service,No,No internet service,Month-to-month,No,Electronic check,35.03,2382.04,Yes
CUST-00220,Female,0,No,No,43,Yes,Yes,Fiber optic,No,No,No,No,No,Yes,Month-to-month,Yes,Electronic check,52.33,2250.19,Yes
CUST-00221,Male,0,Yes,Yes,45,Yes,No phone service,Fiber optic,No,Yes,No,Yes,Yes,Yes,Month-to-month,Yes,Bank transfer (automatic),79.34,3570.3,Yes
CUST-00222,Male,0,Yes,Yes,6,Yes,Yes,Fiber optic,No,No,Yes,Yes,Yes,No internet service,Month-to-month,No,Credit card (automatic),98.82,592.92,Yes
CUST-00223,Female,1,No,No,37,Yes,Yes,DSL,No,No,Yes,No,Yes,Yes,Month-to-month,No,Credit card (automatic),115.92,4317.99,Yes
CUST-00224,Male,0,Yes,Yes,27,Yes,No,Fiber optic,Yes,No,Yes,No,No internet service,No,Month-to-month,No,Mailed check,79.18,2137.86,Yes
CUST-00225,Female,0,Yes,Yes,34,Yes,Yes,DSL,No,No,No,No,No internet service,Yes,Two year,Yes,Electronic check,92.34,3155.86,Yes
CUST-00226,Male,1,No,No,19,Yes,No,DSL,No,Yes,Yes,No,Yes,Yes,Two year,Yes,Credit card (automatic),81.39,1571.85,No
CUST-00227,Female,0,No,No,14,Yes,No phone service,DSL,No,Yes,No,Yes,No,Yes,Month-to-month,Yes,Bank transfer (automatic),61.89,866.46,Yes
CUST-00228,Female,0,No,Yes,69,Yes,No,Fiber optic,No,No,No,No,Yes,Yes,One year,Yes,Electronic check,80.19,5538.31,No
CUST-00229,Female,1,Yes,No,40,Yes,No,Fiber optic,Yes,Yes,No internet service,No,Yes,No internet service,Two year,Yes,Bank transfer (automatic),58.87,2366.32,Yes
CUST-00230,Male,0,Yes,Yes,30,No,Yes,Fiber optic,No,No,No internet service,Yes,Yes,Yes,Month-to-month,Yes,Credit card (automatic),64.27,1936.32,No
CUST-00231,Male,0,Yes,No,5,Yes,Yes,DSL,No,No,Yes,No,Yes,Yes,Two year,Yes,Credit card (automatic),110.92,556.24,Yes
CUST-00232,Female,0,No,Yes,55,Yes,No,No,No,No internet service,No internet service,No,Yes,No,Month-to-month,Yes,Credit card (automatic),75.51,4153.05,Yes
CUST-00233,Male,0,Yes,No,34,Yes,No,DSL,No,Yes,No internet service,No,Yes,No internet service,One year,No,Credit card (automatic),28.24,973.41,Yes
CUST-00234,Female,0,Yes,No,28,Yes,No phone service,No,No,No,No,No internet service,No,Yes,Month-to-month,Yes,Bank transfer (automatic),71.42,1999.76,Yes
CUST-00235,Male,0,No,Yes,48,Yes,Yes,Fiber optic,No,Yes,No,No internet service,No,No,Month-to-month,Yes,Bank transfer (automatic),115.23,5531.61,Yes
CUST-00236,Female,0,No,Yes,9,Yes,Yes,Fiber optic,Yes,No internet service,Yes,Yes,No,Yes,Two year,No,Electronic check,28.2,257.32,No
CUST-00237,Female,0,No,No,38,Yes,Yes,Fiber optic,Yes,No,No,No,Yes,No internet service,One year,Yes,Bank transfer (automatic),117.06,4465.4,No
CUST-00238,Male,0,Yes,No,63,Yes,No,Fiber optic,No,No,No,Yes,No,No,Month-to-month,Yes,Credit card (automatic),118.74,7519.18,No
CUST-00239,Male,0,No,No,33,Yes,No,Fiber optic,Yes,No,Yes,No,No,No internet service,One year,Yes,Credit card (automatic),75.19,2481.27,Yes
CUST-00240,Female,0,Yes,No,0,Yes,No phone service,DSL,Yes,Yes,Yes,No,No internet service,No,Two year,Yes,Credit card (automatic),51.91,1.05,No
CUST-00241,Male,1,No,No,16,Yes,Yes,No,Yes,No,Yes,No,Yes,No internet service,Two year,Yes,Electronic check,18.88,302.08,Yes
CUST-00242,Female,0,Yes,No,4,Yes,No,DSL,No,No internet service,No,No internet service,No,Yes,One year,Yes,Electronic check,19.58,107.95,Yes
CUST-00243,Male,0,No,No,36,Yes,Yes,Fiber optic,No internet service,Yes,Yes,No,Yes,No,Month-to-month,Yes,Credit card (automatic),57.59,2074.12,Yes
CUST-00244,Female,0,Yes,No,26,Yes,Yes,Fiber optic,Yes,No internet service,No,No,Yes,No,Month-to-month,Yes,Credit card (automatic),97.87,2544.62,Yes
CUST-00245,Female,0,No,No,9,Yes,Yes,No,No,No internet service,No internet service,No,No,Yes,Month-to-month,Yes,Bank transfer (automatic),114.12,1028.12,Yes
CUST-00246,Male,0,Yes,Yes,50,No,No,Fiber optic,No internet service,No internet service,Yes,Yes,No,No internet service,Two year,No,Credit card (automatic),33.79,1691.56,No
CUST-00247,Female,0,No,No,12,Yes,No,DSL,No internet service,No internet service,Yes,Yes,No internet service,No,Two year,Yes,Bank transfer (automatic),67.75,813.0,No
CUST-00248,Male,0,Yes,Yes,24,Yes,Yes,Fiber optic,Yes,Yes,Yes,No,No,No internet service,Two year,Yes,Electronic check,69.18,1684.08,Yes
CUST-00249,Female,1,Yes,Yes,72,Yes,No,DSL,No internet service,No,No,No,Yes,Yes,Month-to-month,Yes,Bank transfer (automatic),56.79,4101.77,Yes
CUST-00250,Male,1,Yes,No,4,Yes,No,Fiber optic,Yes,Yes,No internet service,Yes,No internet service,No internet service,Two year,No,Mailed check,73.08,308.0,No
CUST-00251,Male,0,No,No,18,Yes,Yes,Fiber optic,No,No,No,No,Yes,Yes,Two year,Yes,Credit card (automatic),112.35,2022.3,No
CUST-00252,Male,0,Yes,Yes,23,Yes,Yes,Fiber optic,Yes,Yes,No internet service,Yes,No,No internet service,One year,No,Mailed check,62.73,1442.79,No
CUST-00253,Male,0,Yes,Yes,37,Yes,No,DSL,No,No internet service,No internet service,No,No internet service,Yes,Two year,Yes,Electronic check,32.05,1185.85,No
CUST-00254,Male,0,No,No,17,Yes,No,DSL,Yes,Yes,Yes,No,No,No,Month-to-month,No,Mailed check,85.88,1475.96,No
CUST-00255,Female,0,Yes,No,70,Yes,No,Fiber optic,No,Yes,No,Yes,No,Yes,Month-to-month,Yes,Mailed check,21.2,1494.03,No
CUST-00256,Male,1,Yes,Yes,0,Yes,Yes,DSL,Yes,Yes,No,Yes,Yes,No,Month-to-month,No,Credit card (automatic),113.89,0.0,Yes
CUST-00257,Female,0,No,Yes,69,Yes,No,DSL,No,No,No,No,Yes,Yes,Month-to-month,Yes,Electronic check,113.87,7870.39,Yes
CUST-00258,Male,0,No,No,39,No,No phone service,Fiber optic,No,Yes,Yes,No,No internet service,No internet service,Month-to-month,Yes,Credit card (automatic),27.4,1068.6,Yes
CUST-00259,Male,0,No,No,2,Yes,Yes,Fiber optic,Yes,Yes,No,No internet service,Yes,No internet service,One year,No,Electronic check,74.19,148.38,Yes
CUST-00260,Female,1,No,Yes,8,Yes,No,DSL,No internet service,Yes,No,Yes,Yes,Yes,Month-to-month,No,Electronic check,99.33,797.79,Yes
CUST-00261,Female,0,Yes,No,7,Yes,No phone service,Fiber optic,No,Yes,No,No,No,No internet service,Month-to-month,No,Mailed check,65.39,457.73,Yes
CUST-00262,Male,0,Yes,No,20,Yes,Yes,No,Yes,No internet service,Yes,No,Yes,No,Month-to-month,Yes,Bank transfer (automatic),66.83,1336.6,Yes
CUST-00263,Male,0,Yes,Yes,24,Yes,No,Fiber optic,Yes,No,Yes,No,Yes,No,One year,Yes,Credit card (automatic),116.96,2838.08,No
CUST-00264,Female,1,No,No,46,Yes,No,DSL,No,Yes,No,No,Yes,Yes,Two year,Yes,Bank transfer (automatic),41.51,1936.79,No
CUST-00265,Female,0,No,No,22,Yes,Yes,DSL,Yes,Yes,No,Yes,No,Yes,Month-to-month,No,Electronic check,71.68,1622.75,No
CUST-00266,Female,0,Yes,No,52,Yes,No,DSL,No,Yes,No,No internet service,No,Yes,Two year,Yes,Mailed check,29.73,1554.97,Yes
CUST-00267,Male,0,No,No,21,Yes,No,Fiber optic,No,No,Yes,No internet service,No internet service,No,Two year,Yes,Credit card (automatic),48.85,1038.75,Yes
CUST-00268,Male,1,Yes,No,19,Yes,No,Fiber optic,No,Yes,Yes,No,Yes,No,One year,Yes,Bank transfer (automatic),104.79,1991.01,Yes
CUST-00269,Female,0,Yes,No,20,No,No phone service,DSL,No,Yes,No,No,No internet service,No,One year,No,Electronic check,91.08,1821.6,No
CUST-00270,Female,0,No,No,24,Yes,No,DSL,No,Yes,No,Yes,Yes,No internet service,One year,Yes,Bank transfer (automatic),80.42,1947.52,No
CUST-00271,Male,1,No,No,61,Yes,Yes,DSL,No,Yes,Yes,Yes,Yes,Yes,Two year,Yes,Bank transfer (automatic),29.62,1834.06,No
CUST-00272,Male,0,No,No,18,No,No,DSL,No,No,No,Yes,No internet service,No internet service,Month-to-month,Yes,Mailed check,104.77,1901.59,No
CUST-00273,Male,0,No,No,19,Yes,No phone service,No,No internet service,Yes,No,No,No internet service,No internet service,Two year,Yes,Bank transfer (automatic),48.41,919.79,No
CUST-00274,Female,0,No,No,69,Yes,No,DSL,Yes,No,No,Yes,Yes,No,Month-to-month,Yes,Mailed check,72.57,5015.16,No
CUST-00275,Male,0,No,Yes,47,Yes,No,DSL,No,No,Yes,Yes,No,No,Month-to-month,No,Electronic check,41.81,1965.07,No
CUST-00276,Male,0,Yes,Yes,13,Yes,Yes,Fiber optic,No internet service,No internet service,No,Yes,No internet service,Yes,One year,Yes,Credit card (automatic),71.12,924.56,No
CUST-00277,Male,0,Yes,No,63,Yes,No,DSL,No,Yes,No internet service,Yes,Yes,No internet service,Two year,Yes,Mailed check,75.34,4779.14,No
CUST-00278,Female,0,No,No,13,Yes,Yes,DSL,No internet service,No internet service,No,No,Yes,No,Two year,Yes,Mailed check,52.73,685.49,No
CUST-00279,Male,1,Yes,Yes,11,Yes,Yes,Fiber optic,No,No internet service,Yes,No,No,No internet service,Two year,Yes,Electronic check,69.6,808.97,No
CUST-00280,Male,0,Yes,No,32,Yes,No phone service,DSL,No,No internet service,Yes,No,No internet service,Yes,One year,No,Mailed check,59.42,1912.43,Yes
CUST-00281,Male,0,Yes,Yes,50,Yes,No phone service,DSL,No,No internet service,Yes,No,No,No,Month-to-month,Yes,Bank transfer (automatic),89.14,4457.0,Yes
CUST-00282,Male,0,Yes,No,13,Yes,No phone service,Fiber optic,Yes,Yes,No internet service,No,No,No,Two year,No,Credit card (automatic),73.48,956.6,Yes
CUST-00283,Female,0,No,No,54,Yes,No,Fiber optic,No internet service,No internet service,No internet service,No,No internet service,No,Month-to-month,Yes,Credit card (automatic),107.56,5808.24,Yes
CUST-00284,Male,0,Yes,Yes,11,Yes,Yes,DSL,Yes,No internet service,Yes,Yes,Yes,No,Month-to-month,Yes,Credit card (automatic),23.06,253.66,Yes
CUST-00285,Male,1,Yes,No,57,No,No,No,No internet service,Yes,No internet service,Yes,No,Yes,Month-to-month,Yes,Credit card (automatic),20.72,1182.51,No
CUST-00286,Female,1,No,Yes,6,No,Yes,DSL,No,Yes,Yes,No internet service,Yes,Yes,One year,Yes,Bank transfer (automatic),37.23,223.38,No
CUST-00287,Male,0,Yes,No,33,Yes,No,No,No internet service,No internet service,No,No,No,Yes,One year,Yes,Credit card (automatic),30.09,992.97,No
CUST-00288,Female,0,Yes,Yes,46,Yes,No,No,No internet service,Yes,No,No,No,Yes,Two year,Yes,Mailed check,71.64,3295.44,No
CUST-00289,Female,0,Yes,No,19,Yes,Yes,Fiber optic,No,No,No,Yes,Yes,Yes,Month-to-month,No,Bank transfer (automatic),38.41,729.79,No
CUST-00290,Male,0,No,No,44,Yes,Yes,DSL,No internet service,No,No,Yes,No,Yes,Two year,Yes,Bank transfer (automatic),19.64,864.16,No
CUST-00291,Female,0,Yes,Yes,50,Yes,Yes,No,No,No,No,Yes,No internet service,Yes,One year,Yes,Mailed check,46.83,2341.5,No
CUST-00292,Male,0,No,Yes,47,Yes,No,Fiber optic,No,Yes,Yes,No internet service,No,No,Two year,Yes,Bank transfer (automatic),69.94,3320.61,No
CUST-00293,Female,0,Yes,Yes,28,Yes,No,DSL,No,No,No internet service,No,Yes,No internet service,Month-to-month,Yes,Bank transfer (automatic),90.85,2551.91,Yes
CUST-00294,Male,0,No,No,56,Yes,Yes,Fiber optic,Yes,No,Yes,Yes,Yes,Yes,One year,Yes,Mailed check,62.72,3524.24,No
CUST-00295,Female,0,Yes,No,53,Yes,Yes,Fiber optic,Yes,No internet service,Yes,Yes,No,Yes,Two year,Yes,Credit card (automatic),116.2,6158.83,No
CUST-00296,Female,0,No,No,23,No,Yes,No,Yes,Yes,No internet service,Yes,No,No,Month-to-month,Yes,Electronic check,38.34,891.95,Yes
CUST-00297,Female,0,Yes,No,53,Yes,Yes,Fiber optic,No,Yes,No,Yes,No,No,Month-to-month,No,Mailed check,70.43,3756.31,Yes
CUST-00298,Male,0,No,No,67,Yes,No phone service,No,Yes,Yes,No,No,Yes,Yes,Month-to-month,Yes,Mailed check,43.82,2944.1,No
CUST-00299,Male,0,Yes,No,59,No,No,Fiber optic,No,Yes,Yes,No,No,No,Month-to-month,Yes,Credit card (automatic),100.28,5949.33,Yes
CUST-00300,Male,0,Yes,No,53,Yes,Yes,Fiber optic,No,No internet service,Yes,No internet service,Yes,No internet service,Month-to-month,No,Bank transfer (automatic),37.15,1968.95,Yes
CUST-00301,Male,0,Yes,No,55,Yes,No,Fiber optic,No,Yes,Yes,No,Yes,Yes,One year,Yes,Credit card (automatic),116.08,6396.38,Yes
CUST-00302,Female,0,Yes,No,58,Yes,Yes,No,No internet service,Yes,No,No internet service,No,No internet service,One year,No,Credit card (automatic),91.09,5297.3,No
CUST-00303,Male,0,Yes,No,21,Yes,Yes,No,No internet service,No internet service,No,No internet service,No,Yes,One year,No,Mailed check,74.8,1570.8,No
CUST-00304,Female,0,No,No,52,Yes,No,No,No internet service,Yes,No,No internet service,No internet service,Yes,Month-to-month,Yes,Bank transfer (automatic),72.3,3760.45,No
CUST-00305,Female,0,Yes,Yes,14,Yes,Yes,Fiber optic,No,Yes,No internet service,No internet service,No,Yes,Month-to-month,Yes,Electronic check,54.97,769.58,No
CUST-00306,Male,1,Yes,Yes,26,Yes,No,Fiber optic,Yes,No,No internet service,No,Yes,No,Two year,No,Electronic check,20.14,523.64,No
CUST-00307,Male,0,No,No,68,Yes,No,DSL,No internet service,No,Yes,Yes,No internet service,No,Two year,Yes,Mailed check,111.34,7571.12,No
CUST-00308,Female,0,Yes,No,20,Yes,No phone service,No,Yes,No internet service,No internet service,Yes,Yes,No,One year,Yes,Mailed check,99.08,1981.6,No
CUST-00309,Male,0,Yes,No,61,Yes,Yes,DSL,Yes,No,No internet service,No,No internet service,No internet service,One year,Yes,Bank transfer (automatic),31.76,1937.36,Yes
CUST-00310,Male,1,Yes,No,30,Yes,No,DSL,No,Yes,No internet service,No,Yes,No,Two year,Yes,Bank transfer (automatic),30.45,923.74,No
CUST-00311,Female,0,Yes,No,15,Yes,Yes,Fiber optic,No,No,No,Yes,No internet service,Yes,Two year,Yes,Electronic check,49.43,741.45,No
CUST-00312,Female,1,Yes,No,7,Yes,No,Fiber optic,No,No internet service,Yes,No internet service,No internet service,No,One year,Yes,Mailed check,95.84,708.08,Yes
CUST-00313,Male,0,Yes,Yes,40,Yes,Yes,Fiber optic,Yes,No,Yes,No,No internet service,Yes,Month-to-month,No,Mailed check,69.32,2784.15,No
CUST-00314,Male,0,Yes,No,32,Yes,No,DSL,No,No,No internet service,No,Yes,No,Month-to-month,No,Electronic check,84.73,2711.36,Yes
CUST-00315,Male,0,No,Yes,37,Yes,Yes,DSL,Yes,No,No,No,No internet service,No internet service,One year,No,Bank transfer (automatic),18.63,702.25,No
CUST-00316,Female,0,Yes,No,3,Yes,No phone service,DSL,No,No,No internet service,Yes,No,No,Month-to-month,Yes,Credit card (automatic),112.22,356.56,Yes
CUST-00317,Female,0,No,No,19,Yes,No,DSL,No,No,No,No,Yes,Yes,Month-to-month,Yes,Credit card (automatic),34.9,670.48,Yes
CUST-00318,Female,0,No,No,0,No,Yes,DSL,No,Yes,Yes,Yes,No,No,Month-to-month,No,Credit card (automatic),50.53,0.0,Yes
CUST-00319,Female,0,Yes,No,22,Yes,No,Fiber optic,No,No,No,No,No,Yes,Two year,No,Credit card (automatic),114.61,2566.17,No
CUST-00320,Female,1,Yes,No,67,Yes,Yes,DSL,Yes,Yes,No internet service,No,No internet service,Yes,Month-to-month,Yes,Credit card (automatic),92.76,6227.71,Yes
CUST-00321,Male,0,No,No,11,Yes,No,Fiber optic,Yes,No,Yes,Yes,No,No,Two year,No,Electronic check,70.13,771.43,No
CUST-00322,Male,0,No,No,50,Yes,Yes,DSL,Yes,No,No,No,No,Yes,Two year,Yes,Mailed check,106.02,5305.18,No
CUST-00323,Female,0,Yes,No,0,Yes,Yes,Fiber optic,No,Yes,No internet service,No,No,Yes,One year,No,Bank transfer (automatic),24.25,0.0,Yes
CUST-00324,Female,0,No,Yes,41,No,No,No,No internet service,Yes,Yes,No,Yes,No,Month-to-month,No,Credit card (automatic),25.78,1057.11,No
CUST-00325,Female,0,No,Yes,67,Yes,No,DSL,No,No internet service,Yes,No internet service,No,No,Two year,No,Mailed check,33.83,2266.61,No
CUST-00326,Male,1,Yes,No,24,Yes,No,DSL,No,Yes,No,Yes,No internet service,No,One year,Yes,Bank transfer (automatic),44.99,1080.85,No
CUST-00327,Male,0,Yes,Yes,14,No,No,Fiber optic,No internet service,Yes,No internet service,No internet service,No,No internet service,Month-to-month,Yes,Credit card (automatic),90.32,1264.48,Yes
CUST-00328,Male,0,No,No,41,Yes,Yes,DSL,Yes,Yes,No,Yes,No,Yes,One year,No,Bank transfer (automatic),72.31,2964.71,No
CUST-00329,Male,0,Yes,No,20,Yes,Yes,No,Yes,No,Yes,Yes,No,Yes,Month-to-month,No,Electronic check,61.46,1236.95,No
CUST-00330,Female,0,No,No,65,Yes,No,No,No,Yes,Yes,No internet service,No,No internet service,One year,Yes,Electronic check,97.82,6358.3,Yes
CUST-00331,Female,0,Yes,Yes,61,Yes,No,Fiber optic,Yes,No internet service,No,No,No,Yes,Two year,Yes,Mailed check,50.35,3071.35,Yes
CUST-00332,Male,0,No,No,47,Yes,Yes,No,No,No,Yes,No,Yes,No internet service,Month-to-month,Yes,Electronic check,26.72,1272.24,Yes
CUST-00333,Male,0,Yes,Yes,46,Yes,Yes,Fiber optic,No,Yes,Yes,No,No internet service,No,Two year,Yes,Bank transfer (automatic),58.47,2689.62,Yes
CUST-00334,Female,1,Yes,No,43,Yes,No,Fiber optic,No,No,No internet service,No,No internet service,No,Month-to-month,No,Electronic check,96.17,4135.31,Yes
CUST-00335,Male,1,Yes,No,53,Yes,No,DSL,No,Yes,Yes,No,No internet service,Yes,Two year,No,Credit card (automatic),66.36,3517.08,No
CUST-00336,Female,1,Yes,Yes,33,No,No,DSL,No,Yes,No internet service,Yes,No internet service,Yes,Two year,Yes,Credit card (automatic),117.67,3883.11,No
CUST-00337,Female,0,No,Yes,70,Yes,No,DSL,Yes,No,No internet service,No internet service,No,No internet service,Month-to-month,Yes,Credit card (automatic),105.32,7374.98,No
CUST-00338,Male,0,Yes,Yes,25,Yes,No,Fiber optic,No internet service,Yes,No,No internet service,No,Yes,Two year,Yes,Bank transfer (automatic),98.68,2479.79,No
CUST-00339,Male,1,No,No,0,Yes,No,Fiber optic,No,No internet service,No,No internet service,No internet service,No,Two year,Yes,Electronic check,96.86,0.0,Yes
CUST-00340,Female,0,No,No,50,No,Yes,DSL,Yes,No,Yes,No,Yes,No internet service,Month-to-month,Yes,Credit card (automatic),77.27,3875.7,No
CUST-00341,Female,0,Yes,Yes,48,Yes,Yes,Fiber optic,Yes,Yes,No,No,No internet service,No,Two year,No,Electronic check,109.92,5278.26,Yes
CUST-00342,Male,0,No,Yes,71,Yes,Yes,DSL,Yes,No internet service,No,No,Yes,Yes,Month-to-month,No,Bank transfer (automatic),78.17,5550.07,No
CUST-00343,Female,0,No,No,28,Yes,No,DSL,Yes,No,Yes,No,No internet service,No,Month-to-month,Yes,Credit card (automatic),56.0,1571.49,No
CUST-00344,Female,0,No,Yes,31,Yes,Yes,DSL,Yes,Yes,No,No internet service,No,No,Month-to-month,No,Electronic check,37.98,1201.27,No
CUST-00345,Female,1,Yes,No,41,Yes,No,Fiber optic,Yes,No,Yes,No,No internet service,Yes,Month-to-month,No,Mailed check,100.94,4138.54,No
CUST-00346,Male,0,No,No,28,Yes,No,Fiber optic,No internet service,No internet service,Yes,No,No,No internet service,Month-to-month,No,Mailed check,55.86,1604.18,Yes
CUST-00347,Female,0,No,No,57,Yes,Yes,Fiber optic,No internet service,No,No,No,No,Yes,Month-to-month,No,Electronic check,98.67,5624.19,Yes
CUST-00348,Female,0,No,No,31,Yes,No,DSL,No,No,No,Yes,No internet service,No internet service,Two year,Yes,Electronic check,118.27,3666.37,No
CUST-00349,Male,0,Yes,No,57,Yes,No,Fiber optic,No,No,Yes,No internet service,No,Yes,Month-to-month,No,Credit card (automatic),58.67,3346.96,Yes
CUST-00350,Male,0,No,No,31,Yes,Yes,No,No,Yes,Yes,No internet service,Yes,Yes,Two year,No,Credit card (automatic),52.76,1652.18,No
CUST-00351,Female,0,Yes,Yes,16,Yes,No,DSL,No,Yes,Yes,Yes,Yes,No,Month-to-month,No,Electronic check,35.35,565.6,Yes
CUST-00352,Male,0,Yes,Yes,72,Yes,No,Fiber optic,No internet service,No,No,Yes,No,Yes,Month-to-month,Yes,Mailed check,66.49,4793.51,No
CUST-00353,Male,0,Yes,No,38,No,Yes,DSL,No,No internet service,No,No,No,Yes,Two year,Yes,Mailed check,84.71,3261.37,Yes
CUST-00354,Male,0,No,Yes,51,Yes,No,DSL,No,No,Yes,Yes,No,Yes,Month-to-month,Yes,Electronic check,49.9,2549.01,No
CUST-00355,Female,1,No,No,43,Yes,No,Fiber optic,No internet service,Yes,No,No internet service,Yes,No internet service,Month-to-month,No,Electronic check,67.54,2963.87,Yes
CUST-00356,Female,0,Yes,No,26,Yes,Yes,DSL,No,No,No internet service,Yes,Yes,Yes,Two year,Yes,Bank transfer (automatic),72.78,1917.57,Yes
CUST-00357,Male,0,No,No,70,Yes,No phone service,Fiber optic,Yes,Yes,No,Yes,No internet service,No,Month-to-month,No,Mailed check,46.07,3225.93,Yes
CUST-00358,Female,0,Yes,No,27,Yes,No,No,Yes,Yes,No,Yes,No,No,Month-to-month,No,Credit card (automatic),20.4,556.63,No
CUST-00359,Male,0,Yes,No,72,Yes,No,DSL,No,No,No,No,Yes,No,One year,Yes,Mailed check,39.99,2879.28,No
CUST-00360,Female,0,No,No,31,Yes,Yes,DSL,Yes,Yes,No internet service,No,Yes,Yes,Month-to-month,Yes,Bank transfer (automatic),99.92,3102.51,Yes
CUST-00361,Female,0,No,Yes,1,Yes,Yes,No,Yes,No internet service,No internet service,No internet service,Yes,Yes,One year,No,Mailed check,46.36,57.59,No
CUST-00362,Female,0,No,No,2,Yes,No,Fiber optic,Yes,No,Yes,No internet service,No internet service,No internet service,Month-to-month,Yes,Electronic check,19.41,38.82,Yes
CUST-00363,Male,0,No,No,71,Yes,No,No,No,No,Yes,No,No,No,Month-to-month,No,Bank transfer (automatic),61.34,4355.14,Yes
CUST-00364,Female,0,Yes,No,38,Yes,No,DSL,No internet service,No internet service,Yes,Yes,No,No internet service,Month-to-month,No,Bank transfer (automatic),87.61,3355.61,No
CUST-00365,Male,0,No,No,28,Yes,No,Fiber optic,No,No,No,Yes,No,No,Month-to-month,Yes,Bank transfer (automatic),94.75,2672.47,No
CUST-00366,Female,0,Yes,Yes,59,Yes,Yes,No,Yes,No internet service,Yes,No internet service,No internet service,No internet service,One year,Yes,Electronic check,60.22,3552.98,No
CUST-00367,Male,0,No,No,45,Yes,No,DSL,No,No internet service,No internet service,Yes,Yes,No internet service,Two year,No,Bank transfer (automatic),76.33,3438.27,No
CUST-00368,Male,0,Yes,No,48,Yes,No,No,No,No,Yes,No internet service,Yes,No,Two year,No,Bank transfer (automatic),94.04,4534.46,No
CUST-00369,Male,0,Yes,Yes,50,No,No,Fiber optic,No,Yes,No,No internet service,No,No internet service,Month-to-month,Yes,Mailed check,108.7,5453.47,Yes
CUST-00370,Female,0,Yes,No,14,No,No,No,No,Yes,Yes,No,No internet service,Yes,Two year,No,Bank transfer (automatic),83.27,1165.78,No
CUST-00371,Male,0,No,Yes,6,Yes,No,DSL,Yes,No internet service,No,No,No,Yes,Two year,Yes,Electronic check,88.47,550.46,Yes
CUST-00372,Female,1,Yes,Yes,53,Yes,Yes,Fiber optic,No,Yes,No,No internet service,No,No,Month-to-month,Yes,Electronic check,28.06,1487.48,Yes
CUST-00373,Male,0,No,No,1,Yes,No,DSL,Yes,No internet service,No,No,No internet service,No,Month-to-month,Yes,Electronic check,60.89,68.66,Yes
CUST-00374,Male,0,No,Yes,52,Yes,No phone service,No,No,Yes,No,No,Yes,No,Month-to-month,No,Mailed check,108.67,5650.84,No
CUST-00375,Female,1,Yes,No,9,Yes,No,DSL,No internet service,No,No,No,No,No,Month-to-month,No,Credit card (automatic),34.39,309.51,Yes
CUST-00376,Male,0,No,Yes,19,Yes,Yes,DSL,No internet service,Yes,No,No,No,No,Month-to-month,Yes,Electronic check,49.62,942.78,Yes
CUST-00377,Female,0,Yes,No,51,Yes,No phone service,No,Yes,No internet service,No internet service,No,No internet service,No internet service,Month-to-month,Yes,Mailed check,87.15,4455.38,No
CUST-00378,Female,1,Yes,Yes,45,No,Yes,DSL,No,Yes,No internet service,No internet service,Yes,Yes,Two year,Yes,Mailed check,110.01,4950.45,No
CUST-00379,Male,0,No,No,57,Yes,Yes,Fiber optic,No internet service,No,No,No,No,Yes,Month-to-month,No,Credit card (automatic),24.02,1382.14,No
CUST-00380,Male,0,Yes,Yes,44,Yes,Yes,DSL,No internet service,No internet service,No,No,No internet service,No,Month-to-month,No,Bank transfer (automatic),106.79,4720.88,No
CUST-00381,Male,0,Yes,No,3,Yes,No,Fiber optic,Yes,Yes,No internet service,Yes,No,No,Two year,Yes,Electronic check,40.47,121.41,No
CUST-00382,Female,0,Yes,No,61,Yes,Yes,DSL,No,Yes,No,No internet service,No,No internet service,Month-to-month,No,Mailed check,105.81,6454.41,Yes
CUST-00383,Female,0,No,Yes,15,No,No,Fiber optic,Yes,No internet service,No internet service,No,Yes,Yes,Month-to-month,No,Bank transfer (automatic),108.7,1630.5,Yes
CUST-00384,Male,1,Yes,No,9,Yes,No phone service,Fiber optic,Yes,No internet service,No internet service,No,Yes,Yes,Month-to-month,No,Electronic check,97.1,873.9,Yes
CUST-00385,Male,1,Yes,No,64,Yes,No,DSL,No,Yes,Yes,Yes,Yes,No internet service,One year,No,Electronic check,112.23,7182.72,No
CUST-00386,Male,0,No,No,14,Yes,No,DSL,No,No,Yes,No internet service,Yes,Yes,Month-to-month,Yes,Bank transfer (automatic),116.04,1635.69,No
CUST-00387,Male,0,Yes,No,39,Yes,No,DSL,Yes,Yes,No,No,No internet service,No,One year,No,Credit card (automatic),112.37,4382.43,No
CUST-00388,Female,0,No,Yes,35,Yes,No,Fiber optic,No internet service,Yes,No,No,No,Yes,Two year,Yes,Bank transfer (automatic),70.34,2461.9,No
CUST-00389,Female,1,Yes,No,56,Yes,Yes,DSL,No,No,No,No,No internet service,No,One year,No,Electronic check,65.3,3656.8,Yes
CUST-00390,Male,0,No,No,3,Yes,Yes,DSL,No internet service,Yes,No internet service,No,Yes,No internet service,Two year,Yes,Credit card (automatic),28.73,86.19,No
CUST-00391,Female,1,No,Yes,7,Yes,No,DSL,No internet service,No,No,No,Yes,No,One year,No,Electronic check,40.04,298.75,No
CUST-00392,Male,0,Yes,No,30,Yes,No,Fiber optic,No internet service,Yes,No,Yes,No,Yes,One year,Yes,Credit card (automatic),84.54,2538.07,No
CUST-00393,Male,0,Yes,No,34,Yes,No,Fiber optic,No,No internet service,No,No,Yes,No,Month-to-month,Yes,Mailed check,30.99,1073.49,Yes
CUST-00394,Female,0,No,No,57,Yes,Yes,Fiber optic,Yes,No,Yes,No,Yes,Yes,Month-to-month,No,Mailed check,114.12,6504.84,Yes
CUST-00395,Female,0,No,No,44,Yes,No,No,Yes,Yes,No,No,No,Yes,Month-to-month,Yes,Credit card (automatic),41.16,1821.69,Yes
CUST-00396,Female,0,Yes,No,10,Yes,No,Fiber optic,No internet service,No internet service,No internet service,No,Yes,No,Month-to-month,Yes,Mailed check,26.97,269.7,No
CUST-00397,Male,0,No,Yes,71,Yes,No,No,Yes,No internet service,Yes,No,Yes,No,Month-to-month,No,Bank transfer (automatic),42.0,2982.0,No
CUST-00398,Male,1,Yes,No,33,Yes,No,Fiber optic,No,Yes,No internet service,Yes,Yes,No,One year,Yes,Bank transfer (automatic),22.99,785.73,Yes
CUST-00399,Male,0,No,Yes,70,No,No,DSL,No,No internet service,No internet service,No internet service,No internet service,Yes,Month-to-month,Yes,Electronic check,34.94,2445.8,Yes
CUST-00400,Male,0,No,No,72,Yes,No,No,Yes,Yes,Yes,No,Yes,No,One year,No,Credit card (automatic),77.94,5621.52,No
CUST-00401,Female,0,No,No,3,Yes,No,Fiber optic,Yes,Yes,No internet service,No,No,Yes,Month-to-month,Yes,Mailed check,47.49,142.47,Yes
CUST-00402,Female,0,No,No,36,Yes,No,Fiber optic,No,No,No,No internet service,No,No internet service,Two year,Yes,Mailed check,99.72,3590.64,Yes
CUST-00403,Male,1,Yes,Yes,30,Yes,No,DSL,No,Yes,No,No,No,Yes,Month-to-month,No,Mailed check,59.28,1778.4,No
CUST-00404,Female,0,No,Yes,36,Yes,No,DSL,No,No,Yes,No,No,No internet service,One year,No,Credit card (automatic),90.82,3269.52,No
CUST-00405,Male,0,No,No,22,Yes,No,Fiber optic,Yes,No,Yes,No,Yes,Yes,One year,Yes,Bank transfer (automatic),90.25,1993.21,Yes
CUST-00406,Female,0,No,No,40,Yes,No,Fiber optic,No,No internet service,No,No internet service,Yes,Yes,Month-to-month,Yes,Bank transfer (automatic),31.85,1296.13,No
CUST-00407,Male,1,No,No,35,No,No,Fiber optic,Yes,Yes,Yes,No internet service,No,No,Two year,Yes,Bank transfer (automatic),23.77,831.95,Yes
CUST-00408,Male,0,No,No,13,Yes,Yes,Fiber optic,No,Yes,Yes,Yes,No internet service,Yes,Two year,Yes,Mailed check,103.88,1350.44,No
CUST-00409,Female,1,No,No,21,Yes,No,Fiber optic,Yes,No,No internet service,No,No,No,Two year,Yes,Bank transfer (automatic),89.49,1879.29,Yes
CUST-00410,Male,0,No,Yes,10,Yes,No,DSL,Yes,Yes,No,No internet service,No,No internet service,Two year,No,Credit card (automatic),35.85,358.5,No
CUST-00411,Male,0,No,No,61,Yes,Yes,DSL,No internet service,No internet service,No,No internet service,No internet service,No internet service,Month-to-month,Yes,Electronic check,87.36,5328.96,Yes
CUST-00412,Male,1,Yes,Yes,49,Yes,Yes,DSL,Yes,No,No internet service,Yes,No,No,Two year,Yes,Electronic check,51.61,2528.89,No
CUST-00413,Male,1,Yes,No,28,Yes,Yes,No,No,No internet service,Yes,No,No,No,Two year,No,Electronic check,23.79,666.12,No
CUST-00414,Male,1,Yes,Yes,28,Yes,No phone service,Fiber optic,Yes,No,Yes,No,No,No,Two year,Yes,Credit card (automatic),41.33,1157.24,No
CUST-00415,Male,0,Yes,Yes,5,Yes,No,No,Yes,Yes,No,Yes,No internet service,No,Two year,No,Bank transfer (automatic),95.09,475.45,No
CUST-00416,Female,0,Yes,No,21,Yes,No,Fiber optic,No,Yes,No,No,No,Yes,One year,No,Mailed check,57.85,1225.89,No
CUST-00417,Female,0,Yes,No,67,Yes,Yes,Fiber optic,No internet service,No,Yes,No,No,Yes,Month-to-month,Yes,Electronic check,73.58,4946.7,Yes
CUST-00418,Male,0,Yes,Yes,2,Yes,No,Fiber optic,No,No internet service,No,No,No,No,One year,Yes,Bank transfer (automatic),31.93,63.86,No
CUST-00419,Male,1,No,Yes,10,Yes,No,No,Yes,Yes,Yes,No,No,Yes,Month-to-month,Yes,Bank transfer (automatic),27.45,274.5,No
CUST-00420,Female,1,Yes,No,61,Yes,No phone service,No,No,Yes,No,No internet service,No internet service,No,One year,Yes,Bank transfer (automatic),42.4,2594.46,No
CUST-00421,Female,0,No,No,37,Yes,Yes,Fiber optic,No,No,No,No internet service,No internet service,Yes,Month-to-month,Yes,Bank transfer (automatic),66.2,2449.4,Yes
CUST-00422,Female,0,Yes,Yes,2,Yes,Yes,DSL,No internet service,Yes,No,No internet service,No,Yes,One year,Yes,Electronic check,104.39,208.78,No
CUST-00423,Female,0,Yes,No,35,Yes,No,Fiber optic,No internet service,No,Yes,No internet service,Yes,No,Month-to-month,Yes,Bank transfer (automatic),95.87,3379.86,No
CUST-00424,Female,0,No,Yes,54,Yes,Yes,DSL,No,Yes,Yes,No internet service,No,No,Month-to-month,No,Bank transfer (automatic),34.33,1862.83,No
CUST-00425,Male,0,No,No,25,Yes,No,DSL,No,No,No internet service,No,Yes,No internet service,Month-to-month,Yes,Mailed check,25.29,634.71,Yes
CUST-00426,Male,0,No,No,27,Yes,No,Fiber optic,No,No,No internet service,Yes,No,Yes,Month-to-month,Yes,Mailed check,41.0,1110.28,Yes
CUST-00427,Female,0,No,Yes,46,No,Yes,No,No internet service,No internet service,No,No internet service,Yes,Yes,One year,Yes,Bank transfer (automatic),104.94,4844.23,No
CUST-00428,Female,0,No,Yes,43,Yes,No,DSL,No,No,Yes,No,No internet service,Yes,Month-to-month,Yes,Mailed check,70.62,3036.66,No
CUST-00429,Male,0,No,Yes,65,Yes,No,DSL,Yes,Yes,No,No,No internet service,No,Month-to-month,No,Credit card (automatic),100.3,6519.5,No
CUST-00430,Female,0,Yes,Yes,18,No,No,No,No internet service,No,Yes,No internet service,Yes,Yes,Month-to-month,No,Electronic check,55.7,1002.6,No
CUST-00431,Male,1,No,No,20,Yes,No,DSL,No internet service,No internet service,Yes,No,No,No,Month-to-month,Yes,Electronic check,78.23,1564.6,Yes
CUST-00432,Female,0,No,No,11,Yes,Yes,DSL,No,No,Yes,No internet service,No internet service,Yes,Month-to-month,Yes,Credit card (automatic),78.66,865.26,No
CUST-00433,Female,0,Yes,No,48,Yes,No,Fiber optic,No,No internet service,Yes,No,Yes,No internet service,Month-to-month,Yes,Bank transfer (automatic),81.93,3934.58,Yes
CUST-00434,Male,0,Yes,No,38,Yes,No,No,No,No internet service,Yes,Yes,Yes,No,One year,No,Credit card (automatic),65.96,2506.48,No
CUST-00435,Male,0,No,No,25,Yes,No,Fiber optic,No internet service,Yes,Yes,No internet service,No,No,One year,Yes,Electronic check,42.4,1060.0,No
CUST-00436,Male,1,Yes,No,50,Yes,No,Fiber optic,No,No,No internet service,No,No internet service,Yes,Two year,No,Electronic check,61.71,3118.56,Yes
CUST-00437,Female,0,No,No,27,Yes,Yes,DSL,No,No,No,No,No,Yes,Month-to-month,Yes,Credit card (automatic),117.43,3189.42,Yes
CUST-00438,Female,0,Yes,Yes,14,Yes,No,DSL,No,No,No,No,Yes,Yes,Month-to-month,Yes,Credit card (automatic),45.76,640.64,Yes
CUST-00439,Male,1,Yes,Yes,39,Yes,No,Fiber optic,No,No internet service,Yes,Yes,Yes,No,Month-to-month,Yes,Credit card (automatic),91.93,3587.13,Yes
CUST-00440,Male,1,Yes,No,31,No,Yes,No,Yes,No,No internet service,Yes,No,No,One year,Yes,Credit card (automatic),114.36,3572.69,No
CUST-00441,Female,0,No,Yes,29,Yes,No,DSL,No,Yes,Yes,Yes,Yes,Yes,Month-to-month,Yes,Electronic check,75.76,2197.04,Yes
CUST-00442,Male,0,Yes,No,32,Yes,No phone service,DSL,Yes,No internet service,Yes,Yes,No,Yes,Month-to-month,Yes,Electronic check,67.91,2173.12,Yes
CUST-00443,Male,0,No,No,66,Yes,No,DSL,No,No,No,No,Yes,No internet service,One year,Yes,Mailed check,30.33,2006.32,Yes
CUST-00444,Male,0,No,No,15,Yes,Yes,DSL,No internet service,Yes,No,No,No,Yes,Month-to-month,No,Credit card (automatic),94.83,1430.73,Yes
CUST-00445,Female,0,Yes,Yes,20,Yes,No,DSL,No,No internet service,No internet service,Yes,No,Yes,Month-to-month,Yes,Bank transfer (automatic),110.97,2229.17,Yes
CUST-00446,Female,0,No,No,41,Yes,Yes,DSL,No,No,No,No,No internet service,Yes,One year,No,Electronic check,118.03,4855.79,No
CUST-00447,Male,1,Yes,No,3,Yes,No,Fiber optic,No internet service,No,No,Yes,Yes,Yes,Two year,Yes,Bank transfer (automatic),38.57,115.71,Yes
CUST-00448,Female,0,No,No,10,Yes,No,DSL,Yes,No,Yes,Yes,No,No,Month-to-month,Yes,Credit card (automatic),111.85,1118.5,Yes
CUST-00449,Female,0,Yes,No,41,Yes,Yes,Fiber optic,No internet service,No internet service,No,No internet service,No,No,Month-to-month,Yes,Electronic check,55.77,2286.57,No
CUST-00450,Male,0,Yes,Yes,37,Yes,Yes,Fiber optic,Yes,Yes,No,No internet service,No,No,Month-to-month,No,Bank transfer (automatic),81.15,3014.19,No
CUST-00451,Female,0,No,No,47,Yes,No phone service,No,No,Yes,Yes,No internet service,Yes,No,Month-to-month,No,Bank transfer (automatic),40.81,1918.07,No
CUST-00452,Female,0,No,No,8,Yes,Yes,No,No,No,Yes,Yes,Yes,Yes,Month-to-month,No,Credit card (automatic),43.34,346.72,No
CUST-00453,Male,1,No,No,62,Yes,No,Fiber optic,No,No internet service,No internet service,No,No,Yes,Month-to-month,Yes,Bank transfer (automatic),81.13,5032.95,Yes
CUST-00454,Male,1,No,No,35,Yes,No,DSL,No,Yes,Yes,Yes,No,No internet service,Month-to-month,Yes,Mailed check,67.45,2360.75,No
CUST-00455,Female,0,Yes,No,11,No,No,Fiber optic,Yes,Yes,Yes,No,No internet service,Yes,Month-to-month,No,Credit card (automatic),116.37,1280.07,Yes
CUST-00456,Female,0,Yes,No,22,Yes,Yes,DSL,No,No internet service,No internet service,No internet service,No internet service,Yes,One year,No,Mailed check,44.98,991.05,No
CUST-00457,Male,0,Yes,Yes,16,Yes,Yes,DSL,Yes,No,No,No,No,No,Two year,Yes,Bank transfer (automatic),107.56,1720.96,No
CUST-00458,Female,0,No,No,33,Yes,Yes,DSL,No internet service,No,No,No internet service,No internet service,No,Month-to-month,No,Credit card (automatic),64.97,2177.53,No
CUST-00459,Female,1,Yes,Yes,34,Yes,No,No,No,No,No,No,No,Yes,One year,No,Bank transfer (automatic),31.72,1080.26,No
CUST-00460,Male,0,Yes,No,31,Yes,No phone service,DSL,No,No,Yes,No,Yes,No internet service,Two year,Yes,Bank transfer (automatic),42.39,1325.81,No
CUST-00461,Female,0,Yes,No,33,Yes,No,Fiber optic,Yes,No,No internet service,Yes,Yes,Yes,Month-to-month,No,Credit card (automatic),95.08,3137.64,No
CUST-00462,Male,0,Yes,No,66,Yes,Yes,Fiber optic,No,No,Yes,No internet service,No internet service,No internet service,One year,Yes,Bank transfer (automatic),102.32,6753.12,No
CUST-00463,Female,0,Yes,No,70,Yes,Yes,Fiber optic,No,No,No internet service,No,Yes,Yes,Month-to-month,Yes,Mailed check,22.04,1542.8,Yes
CUST-00464,Male,0,Yes,No,35,No,Yes,DSL,Yes,Yes,Yes,Yes,No internet service,No,Two year,No,Bank transfer (automatic),59.82,2115.32,No
CUST-00465,Male,0,Yes,Yes,70,No,No phone service,No,No,No internet service,No,Yes,Yes,Yes,Month-to-month,No,Mailed check,68.41,4803.66,No
CUST-00466,Female,0,No,Yes,59,Yes,Yes,Fiber optic,Yes,Yes,No,No internet service,Yes,No internet service,Month-to-month,Yes,Bank transfer (automatic),80.73,4763.07,No
CUST-00467,Male,0,Yes,Yes,59,Yes,Yes,Fiber optic,Yes,No internet service,Yes,Yes,No,No,Two year,Yes,Electronic check,84.36,4977.24,Yes
CUST-00468,Female,0,Yes,No,16,Yes,No,Fiber optic,No,Yes,No,No internet service,No internet service,No internet service,One year,Yes,Electronic check,102.72,1643.52,Yes
CUST-00469,Male,0,No,No,32,Yes,No,No,Yes,Yes,No,No,No internet service,No,Month-to-month,Yes,Mailed check,45.89,1489.68,No
CUST-00470,Female,0,Yes,Yes,25,Yes,Yes,Fiber optic,Yes,Yes,Yes,No,Yes,No,Two year,No,Electronic check,29.42,735.5,No
CUST-00471,Female,1,Yes,No,7,Yes,No,Fiber optic,No,Yes,No internet service,No,No,Yes,Two year,Yes,Bank transfer (automatic),37.02,274.87,Yes
CUST-00472,Female,0,Yes,Yes,5,Yes,Yes,DSL,No,No,Yes,No,No,Yes,Month-to-month,Yes,Electronic check,113.56,575.77,Yes
CUST-00473,Male,0,Yes,No,45,Yes,Yes,DSL,Yes,No,No,No,No internet service,No internet service,Month-to-month,No,Mailed check,73.76,3322.14,Yes
CUST-00474,Male,0,No,Yes,30,Yes,Yes,DSL,Yes,No internet service,No,Yes,Yes,No internet service,Month-to-month,Yes,Electronic check,40.35,1210.5,Yes
CUST-00475,Female,0,Yes,No,60,Yes,Yes,DSL,No,No,No,Yes,No,Yes,Two year,Yes,Credit card (automatic),98.16,5913.37,No
CUST-00476,Female,0,Yes,No,48,Yes,No phone service,DSL,No,No,No,No internet service,Yes,Yes,Month-to-month,No,Credit card (automatic),77.87,3740.03,Yes
CUST-00477,Female,0,Yes,No,6,Yes,No,DSL,No,Yes,No,No,No,Yes,Month-to-month,Yes,Electronic check,55.47,332.82,Yes
CUST-00478,Male,1,Yes,Yes,61,Yes,No,No,No,No internet service,No,No,Yes,Yes,Month-to-month,Yes,Mailed check,19.87,1212.07,No
CUST-00479,Female,0,No,No,36,Yes,Yes,No,No,Yes,No,Yes,No internet service,Yes,Month-to-month,Yes,Credit card (automatic),97.84,3522.24,No
CUST-00480,Male,0,Yes,No,41,No,No,No,No internet service,Yes,No,No,Yes,No internet service,Month-to-month,Yes,Mailed check,91.18,3762.39,No
CUST-00481,Male,0,No,No,70,Yes,No phone service,Fiber optic,No,Yes,No,No,No,Yes,Month-to-month,No,Credit card (automatic),44.73,3159.59,Yes
CUST-00482,Female,0,No,No,46,No,Yes,Fiber optic,Yes,Yes,Yes,Yes,No,No internet service,Month-to-month,No,Electronic check,45.09,2095.87,Yes
CUST-00483,Male,0,No,No,1,Yes,No phone service,DSL,Yes,No,Yes,No internet service,Yes,No internet service,Month-to-month,Yes,Mailed check,45.69,45.69,Yes
CUST-00484,Female,0,No,Yes,12,Yes,No,Fiber optic,Yes,Yes,No,No internet service,Yes,Yes,Month-to-month,Yes,Credit card (automatic),86.38,1036.56,No
CUST-00485,Male,0,No,No,31,Yes,No,DSL,No,Yes,No internet service,No,No,No,Month-to-month,Yes,Electronic check,48.01,1488.31,Yes
CUST-00486,Male,0,No,Yes,2,Yes,Yes,Fiber optic,No internet service,No internet service,Yes,No internet service,No,No,Month-to-month,No,Electronic check,49.66,99.32,Yes
CUST-00487,Male,1,No,No,12,Yes,No,No,No,Yes,No,No,No,Yes,One year,No,Bank transfer (automatic),56.42,677.04,Yes
CUST-00488,Female,0,Yes,Yes,57,Yes,No,No,Yes,No,Yes,No,No,No,Month-to-month,No,Electronic check,117.98,6752.61,Yes
CUST-00489,Female,1,Yes,Yes,10,Yes,No phone service,DSL,No,No,No,Yes,Yes,No,Month-to-month,Yes,Mailed check,64.93,676.97,Yes
CUST-00490,Female,0,Yes,No,12,Yes,No phone service,Fiber optic,No internet service,No internet service,No,No internet service,No internet service,Yes,One year,No,Credit card (automatic),56.49,677.88,No
CUST-00491,Female,0,No,No,36,No,Yes,DSL,Yes,No,No,No,Yes,No internet service,One year,No,Credit card (automatic),65.94,2373.84,No
CUST-00492,Female,0,No,No,6,No,No phone service,DSL,No,Yes,No,No internet service,No,Yes,One year,Yes,Electronic check,91.36,548.16,No
CUST-00493,Female,0,Yes,No,18,Yes,No,DSL,No internet service,No internet service,No,No,No internet service,Yes,Two year,Yes,Mailed check,108.14,1970.29,No
CUST-00494,Female,0,Yes,Yes,68,Yes,No,DSL,No,No,Yes,No,No internet service,No internet service,Month-to-month,Yes,Credit card (automatic),119.06,8100.71,Yes
CUST-00495,Male,0,Yes,Yes,46,Yes,Yes,Fiber optic,No,Yes,No,No internet service,Yes,Yes,Month-to-month,Yes,Mailed check,67.58,3108.68,No
CUST-00496,Male,0,No,No,70,Yes,Yes,Fiber optic,No,No,Yes,No,Yes,Yes,Month-to-month,Yes,Mailed check,64.93,4545.1,Yes
CUST-00497,Male,1,No,No,25,Yes,Yes,DSL,Yes,No,No internet service,Yes,No,Yes,Month-to-month,Yes,Bank transfer (automatic),51.69,1292.25,No
CUST-00498,Male,0,No,No,44,Yes,Yes,No,No,Yes,No,No internet service,Yes,Yes,Two year,No,Credit card (automatic),97.47,4288.68,No
CUST-00499,Female,0,Yes,No,17,Yes,No phone service,Fiber optic,Yes,No,Yes,Yes,No,No,One year,No,Electronic check,84.87,1484.23,No
CUST-00500,Male,0,Yes,No,27,Yes,Yes,Fiber optic,No,Yes,Yes,No internet service,No,No,Two year,Yes,Electronic check,55.06,1520.99,Yes
CUST-00501,Male,0,Yes,Yes,12,Yes,No,Fiber optic,No internet service,No,No,No internet service,Yes,Yes,Two year,Yes,Electronic check,70.89,850.68,No
CUST-00502,Female,1,No,No,60,Yes,No,Fiber optic,No,No internet service,No internet service,Yes,No,No,Two year,Yes,Mailed check,38.99,2339.4,No
CUST-00503,Female,0,No,No,13,Yes,No,Fiber optic,No,No,Yes,No,No,Yes,Month-to-month,Yes,Mailed check,88.79,1157.65,Yes
CUST-00504,Female,0,No,No,14,Yes,Yes,Fiber optic,Yes,No internet service,No,No internet service,No,Yes,Two year,No,Mailed check,43.72,612.08,No
CUST-00505,Male,0,Yes,Yes,33,Yes,No,No,Yes,Yes,No,No internet service,Yes,No internet service,Month-to-month,No,Mailed check,53.65,1783.01,No
CUST-00506,Male,0,Yes,No,31,Yes,No,DSL,No,No internet service,No,No,Yes,No,Month-to-month,No,Bank transfer (automatic),24.95,790.54,Yes
CUST-00507,Female,0,No,No,22,No,No,Fiber optic,Yes,No internet service,No,No,Yes,No,Month-to-month,No,Mailed check,40.43,889.46,Yes
CUST-00508,Male,0,Yes,Yes,26,Yes,Yes,DSL,No,No,Yes,No,No,Yes,Two year,No,Credit card (automatic),37.88,1010.48,No
CUST-00509,Male,0,No,No,21,Yes,No,No,Yes,Yes,No,Yes,No,No,Two year,Yes,Mailed check,93.0,1953.0,No
CUST-00510,Male,0,Yes,No,66,Yes,Yes,DSL,No internet service,Yes,Yes,No,No internet service,No internet service,Month-to-month,Yes,Electronic check,88.84,5875.6,Yes
CUST-00511,Female,0,Yes,No,42,Yes,No,DSL,No,Yes,No internet service,No,No internet service,No internet service,Two year,No,Credit card (automatic),72.89,3061.38,No
CUST-00512,Female,0,No,No,67,Yes,No,No,No,No,Yes,No,No,No,Month-to-month,No,Bank transfer (automatic),57.48,3869.61,Yes
CUST-00513,Female,0,Yes,No,72,Yes,Yes,Fiber optic,No,No internet service,No,No,No internet service,No,One year,No,Electronic check,108.72,7827.84,Yes
CUST-00514,Female,0,Yes,Yes,47,Yes,No,DSL,No,No,No,No internet service,Yes,Yes,Month-to-month,No,Electronic check,108.18,5099.23,Yes
CUST-00515,Female,1,No,Yes,60,Yes,Yes,DSL,Yes,Yes,No,Yes,No,Yes,Month-to-month,Yes,Electronic check,79.49,4769.4,Yes
CUST-00516,Male,0,Yes,No,8,Yes,No phone service,Fiber optic,No internet service,Yes,Yes,Yes,No,Yes,Month-to-month,Yes,Credit card (automatic),85.11,682.35,Yes
CUST-00517,Female,0,Yes,No,69,Yes,No,No,No,No,No,Yes,No,Yes,Two year,Yes,Bank transfer (automatic),99.24,6872.45,No
CUST-00518,Male,1,No,Yes,35,Yes,Yes,Fiber optic,Yes,No,Yes,Yes,No,Yes,Two year,No,Credit card (automatic),91.72,3210.2,No
CUST-00519,Male,0,Yes,No,52,Yes,Yes,DSL,No,Yes,No,No internet service,Yes,No,Month-to-month,No,Mailed check,40.94,2128.88,Yes
CUST-00520,Female,0,Yes,Yes,17,Yes,Yes,Fiber optic,No,No,No internet service,No,No internet service,No,Month-to-month,No,Electronic check,69.34,1178.78,Yes
CUST-00521,Male,0,Yes,Yes,6,Yes,No phone service,Fiber optic,No,Yes,No,Yes,No internet service,No,Month-to-month,Yes,Mailed check,33.49,200.94,Yes
CUST-00522,Male,0,Yes,No,64,Yes,No,DSL,No internet service,No,No,No internet service,No internet service,No,One year,Yes,Electronic check,100.56,6435.84,Yes
CUST-00523,Male,1,Yes,No,32,Yes,Yes,No,No,No,No,Yes,No,Yes,Month-to-month,Yes,Electronic check,84.66,2711.25,Yes
CUST-00524,Female,0,No,No,10,Yes,No,DSL,Yes,Yes,No,No,No internet service,No,One year,Yes,Credit card (automatic),117.87,1181.86,Yes
CUST-00525,Male,0,Yes,No,48,Yes,Yes,No,Yes,No,No internet service,No internet service,No,No internet service,Month-to-month,No,Mailed check,31.92,1541.42,No
CUST-00526,Male,0,Yes,No,3,Yes,No,No,Yes,No,No,No,No,No,Month-to-month,No,Credit card (automatic),70.04,210.12,Yes
CUST-00527,Female,0,Yes,No,32,Yes,No,DSL,No,No,No internet service,Yes,No,No internet service,Two year,Yes,Bank transfer (automatic),91.85,2939.2,No
CUST-00528,Male,0,Yes,No,51,Yes,Yes,Fiber optic,Yes,No internet service,No internet service,No,No internet service,Yes,One year,No,Bank transfer (automatic),106.47,5429.97,No
CUST-00529,Female,0,No,Yes,52,Yes,No,Fiber optic,No,No,No,No,No,No,Month-to-month,Yes,Credit card (automatic),105.05,5462.6,No
CUST-00530,Female,0,Yes,No,33,Yes,Yes,Fiber optic,No,Yes,No,No,No,No,Month-to-month,No,Mailed check,38.6,1273.8,Yes
CUST-00531,Female,0,Yes,No,27,Yes,No,Fiber optic,No,No internet service,No,Yes,No internet service,No,Month-to-month,No,Mailed check,118.2,3191.4,Yes
CUST-00532,Male,0,Yes,No,61,Yes,No,DSL,Yes,No internet service,No,No internet service,Yes,No internet service,Month-to-month,Yes,Credit card (automatic),118.1,7210.7,No
CUST-00533,Male,0,Yes,No,13,Yes,No phone service,DSL,Yes,Yes,Yes,No,No,No,Month-to-month,No,Credit card (automatic),116.84,1518.92,No
CUST-00534,Male,0,Yes,No,5,Yes,No,Fiber optic,No internet service,No internet service,Yes,No,Yes,No,One year,Yes,Mailed check,80.59,402.95,No
CUST-00535,Female,0,No,No,11,Yes,No phone service,DSL,No,No,Yes,No internet service,No,No internet service,Month-to-month,No,Credit card (automatic),102.86,1131.46,Yes
CUST-00536,Male,0,No,Yes,58,No,Yes,DSL,No,Yes,No,No internet service,Yes,No,Month-to-month,Yes,Credit card (automatic),25.76,1494.08,No
CUST-00537,Male,0,Yes,No,34,Yes,No,Fiber optic,No,No,No,No,Yes,Yes,Month-to-month,Yes,Electronic check,44.06,1521.75,Yes
CUST-00538,Male,0,No,No,2,Yes,Yes,DSL,No internet service,Yes,Yes,Yes,Yes,Yes,Month-to-month,No,Credit card (automatic),27.38,54.76,Yes
CUST-00539,Female,0,Yes,Yes,12,Yes,No,Fiber optic,Yes,No,No,Yes,Yes,No internet service,Month-to-month,Yes,Electronic check,69.57,834.84,No
CUST-00540,Male,0,Yes,No,2,Yes,Yes,No,No internet service,No internet service,No,No,Yes,No,Two year,Yes,Credit card (automatic),116.4,232.8,Yes
CUST-00541,Female,0,No,Yes,59,No,No phone service,No,Yes,No,No internet service,Yes,No,No internet service,Month-to-month,No,Credit card (automatic),84.22,4968.98,No
CUST-00542,Male,0,No,Yes,33,Yes,No phone service,DSL,No internet service,No,Yes,No,Yes,Yes,Two year,Yes,Credit card (automatic),65.05,2146.65,No
CUST-00543,Male,0,Yes,No,4,Yes,No,Fiber optic,Yes,Yes,Yes,No,Yes,No,Month-to-month,No,Mailed check,98.87,430.41,No
CUST-00544,Male,0,No,No,16,No,No,No,Yes,No,No,No,Yes,No internet service,Month-to-month,No,Credit card (automatic),74.13,1197.27,Yes
CUST-00545,Female,0,Yes,No,45,Yes,No,Fiber optic,Yes,No internet service,No,Yes,Yes,No internet service,Month-to-month,Yes,Bank transfer (automatic),64.68,2923.94,Yes
CUST-00546,Male,0,No,Yes,43,Yes,Yes,Fiber optic,No internet service,Yes,Yes,No internet service,Yes,No,One year,No,Electronic check,82.19,3534.17,Yes
CUST-00547,Male,0,No,No,59,Yes,No,Fiber optic,No internet service,No,Yes,No,No internet service,Yes,Month-to-month,Yes,Credit card (automatic),70.2,4150.22,Yes
CUST-00548,Female,0,No,Yes,1,Yes,No,DSL,No,No,No,No,No,No,Two year,Yes,Credit card (automatic),83.44,83.44,Yes
CUST-00549,Female,0,No,No,5,Yes,No,DSL,No,No,No,No,No,No,Month-to-month,Yes,Mailed check,99.87,515.64,Yes
CUST-00550,Female,0,No,Yes,2,Yes,Yes,Fiber optic,Yes,No,Yes,Yes,No,Yes,One year,No,Electronic check,65.17,134.12,Yes
CUST-00551,Female,0,No,Yes,28,Yes,No phone service,DSL,Yes,No,No,No,Yes,Yes,Month-to-month,Yes,Bank transfer (automatic),60.33,1689.24,No
CUST-00552,Male,0,No,No,53,Yes,Yes,No,No,No,Yes,Yes,No,No internet service,Month-to-month,Yes,Mailed check,74.98,3974.72,Yes
CUST-00553,Female,0,Yes,Yes,48,Yes,No,Fiber optic,Yes,No,No,No,No internet service,Yes,One year,Yes,Bank transfer (automatic),110.28,5322.75,Yes
CUST-00554,Male,0,Yes,No,15,Yes,Yes,DSL,No internet service,No,No,Yes,Yes,No,Month-to-month,No,Mailed check,61.14,920.45,Yes
CUST-00555,Female,0,Yes,Yes,47,Yes,Yes,Fiber optic,No internet service,No,Yes,Yes,Yes,No,Month-to-month,Yes,Electronic check,104.47,4910.09,No
CUST-00556,Female,0,No,No,47,No,Yes,Fiber optic,Yes,No,Yes,Yes,No,No internet service,One year,Yes,Electronic check,80.95,3811.37,Yes
CUST-00557,Female,1,Yes,No,13,Yes,Yes,DSL,No,No internet service,No internet service,Yes,Yes,No,One year,Yes,Bank transfer (automatic),19.26,260.16,Yes
CUST-00558,Female,0,Yes,No,54,Yes,No,No,No internet service,Yes,No internet service,No internet service,Yes,Yes,One year,Yes,Mailed check,66.57,3594.78,No
CUST-00559,Female,0,No,Yes,30,Yes,No,Fiber optic,No internet service,Yes,Yes,No internet service,No,Yes,Month-to-month,No,Electronic check,39.47,1184.1,Yes
CUST-00560,Female,1,Yes,No,4,Yes,No,Fiber optic,No,No internet service,No,Yes,No,Yes,Month-to-month,Yes,Bank transfer (automatic),33.34,133.36,Yes
CUST-00561,Female,1,No,No,28,No,No,No,Yes,Yes,Yes,Yes,Yes,Yes,Month-to-month,Yes,Credit card (automatic),41.91,1175.42,Yes
CUST-00562,Male,0,No,Yes,56,Yes,Yes,Fiber optic,Yes,No internet service,No internet service,No,No internet service,No internet service,Month-to-month,Yes,Electronic check,90.67,5077.52,No
CUST-00563,Male,1,Yes,Yes,50,Yes,Yes,Fiber optic,No internet service,No,No internet service,Yes,Yes,Yes,Month-to-month,No,Electronic check,81.99,4099.5,No
CUST-00564,Male,1,Yes,No,19,Yes,No,DSL,No,No internet service,No,No,Yes,Yes,Month-to-month,Yes,Mailed check,72.76,1382.44,No
CUST-00565,Female,0,Yes,Yes,55,Yes,No,DSL,No,No,No,Yes,No,No internet service,Month-to-month,Yes,Credit card (automatic),68.52,3788.26,No
CUST-00566,Male,0,Yes,No,28,Yes,No,Fiber optic,No,No internet service,No,No,No,Yes,Month-to-month,No,Mailed check,57.7,1646.6,No
CUST-00567,Male,0,Yes,No,33,Yes,Yes,Fiber optic,No,No,Yes,No internet service,No,Yes,Month-to-month,No,Credit card (automatic),108.43,3578.19,Yes
CUST-00568,Male,0,Yes,Yes,6,Yes,No,Fiber optic,Yes,No,No,Yes,No,No,Month-to-month,Yes,Bank transfer (automatic),113.11,678.66,No
CUST-00569,Female,0,Yes,No,72,No,Yes,Fiber optic,No,No,Yes,No internet service,No,Yes,Month-to-month,Yes,Credit card (automatic),95.97,6909.84,No
CUST-00570,Female,0,Yes,No,61,No,No,Fiber optic,No internet service,Yes,No,No internet service,No internet service,Yes,Month-to-month,Yes,Bank transfer (automatic),47.4,2900.69,Yes
CUST-00571,Female,0,No,No,14,Yes,Yes,No,No,Yes,No,No internet service,No,No internet service,Two year,No,Mailed check,111.21,1558.86,No
CUST-00572,Male,0,No,No,40,No,No,No,Yes,No internet service,Yes,No,No,No internet service,Month-to-month,Yes,Bank transfer (automatic),101.55,4062.0,No
CUST-00573,Male,0,Yes,Yes,56,Yes,Yes,DSL,No internet service,Yes,No,No internet service,No,No,Month-to-month,Yes,Electronic check,30.65,1718.28,Yes
CUST-00574,Male,0,No,No,36,Yes,No,No,No,No,No internet service,No,Yes,No,Two year,Yes,Credit card (automatic),52.85,1902.6,No
CUST-00575,Male,0,Yes,No,15,Yes,Yes,No,No,No,No,No internet service,No,Yes,Month-to-month,Yes,Electronic check,51.42,803.08,Yes
CUST-00576,Male,0,Yes,Yes,70,No,No,DSL,No internet service,Yes,No,Yes,Yes,No internet service,Month-to-month,No,Bank transfer (automatic),92.46,6472.2,Yes
CUST-00577,Female,0,Yes,No,19,No,Yes,DSL,No,No internet service,No internet service,No,No,No,One year,Yes,Bank transfer (automatic),71.44,1362.51,No
CUST-00578,Female,1,Yes,Yes,24,Yes,No,DSL,No internet service,Yes,Yes,No,No,Yes,One year,Yes,Electronic check,45.22,1095.47,No
CUST-00579,Female,1,Yes,No,27,Yes,Yes,Fiber optic,No internet service,No,No,Yes,No,Yes,Two year,No,Mailed check,41.54,1130.35,No
CUST-00580,Male,1,Yes,Yes,65,Yes,Yes,Fiber optic,Yes,No,No,No,Yes,No,Two year,No,Bank transfer (automatic),64.67,4203.55,No
CUST-00581,Male,1,Yes,No,36,Yes,No,Fiber optic,No,Yes,Yes,Yes,No,Yes,One year,No,Credit card (automatic),85.93,3120.85,No
CUST-00582,Female,0,Yes,No,52,Yes,Yes,Fiber optic,Yes,Yes,No internet service,No,No internet service,Yes,Month-to-month,No,Mailed check,69.89,3634.28,No
CUST-00583,Male,0,No,No,65,Yes,Yes,DSL,No,No,No,Yes,No internet service,Yes,Month-to-month,Yes,Electronic check,44.63,2900.95,Yes
CUST-00584,Male,0,No,No,67,Yes,No,Fiber optic,No,Yes,Yes,Yes,No,No,Month-to-month,Yes,Electronic check,81.24,5456.35,Yes
CUST-00585,Male,0,No,No,62,Yes,No,No,No,No internet service,Yes,No,Yes,Yes,Month-to-month,No,Bank transfer (automatic),119.89,7433.18,Yes
CUST-00586,Female,1,No,No,66,Yes,No,No,No internet service,No,No internet service,No,Yes,No,Two year,No,Credit card (automatic),36.02,2377.32,Yes
CUST-00587,Female,0,No,No,69,Yes,Yes,Fiber optic,No,Yes,No internet service,Yes,No,Yes,Month-to-month,Yes,Mailed check,71.9,4961.1,Yes
CUST-00588,Male,0,Yes,No,72,No,No,DSL,No,Yes,Yes,Yes,Yes,No,Two year,Yes,Electronic check,56.32,4055.04,Yes
CUST-00589,Female,0,Yes,No,46,Yes,No,DSL,No,Yes,No,No,No internet service,Yes,Month-to-month,Yes,Electronic check,40.28,1865.62,Yes
CUST-00590,Female,0,Yes,No,9,Yes,Yes,DSL,No,No internet service,Yes,No,No,No,Month-to-month,Yes,Credit card (automatic),107.3,983.79,Yes
CUST-00591,Female,0,Yes,Yes,8,Yes,No,Fiber optic,Yes,No,No,Yes,No,No,Two year,No,Bank transfer (automatic),115.69,927.29,No
CUST-00592,Female,0,No,No,58,No,Yes,DSL,No,Yes,No,No internet service,No,No,Month-to-month,No,Electronic check,53.72,3136.85,Yes
CUST-00593,Male,1,Yes,No,23,Yes,No phone service,No,No,No,Yes,No,Yes,Yes,Month-to-month,Yes,Mailed check,53.42,1228.66,Yes
CUST-00594,Female,0,No,Yes,58,Yes,No,Fiber optic,Yes,No,No,Yes,No,No,Month-to-month,No,Bank transfer (automatic),27.36,1588.4,Yes
CUST-00595,Male,0,No,Yes,68,Yes,No,Fiber optic,No internet service,No,No internet service,No,No,No internet service,Month-to-month,No,Bank transfer (automatic),81.01,5535.64,Yes
CUST-00596,Female,0,Yes,No,47,Yes,No,DSL,No,Yes,No,No internet service,Yes,Yes,Month-to-month,Yes,Mailed check,20.71,992.91,Yes
CUST-00597,Female,0,No,No,55,Yes,Yes,Fiber optic,No,Yes,Yes,No,No,No,One year,Yes,Bank transfer (automatic),68.61,3802.28,Yes
CUST-00598,Female,0,Yes,Yes,20,Yes,Yes,Fiber optic,No internet service,No,No internet service,Yes,No,No,Two year,No,Credit card (automatic),33.59,671.8,No
CUST-00599,Female,0,Yes,No,31,Yes,No,Fiber optic,No,No,Yes,No,No,No internet service,One year,Yes,Credit card (automatic),86.58,2702.32,No
CUST-00600,Female,0,Yes,No,70,Yes,No,DSL,No,No,No,No,No internet service,No,Two year,No,Credit card (automatic),112.75,7892.5,No
CUST-00601,Female,1,Yes,No,59,No,No,No,No,Yes,No,No,Yes,No internet service,Two year,Yes,Mailed check,27.06,1608.44,No
CUST-00602,Female,0,No,No,14,No,Yes,DSL,Yes,Yes,Yes,No internet service,No,No,Month-to-month,No,Electronic check,97.33,1388.84,No
CUST-00603,Female,0,Yes,No,68,Yes,No,DSL,No,No,Yes,No internet service,No internet service,No,Two year,No,Mailed check,102.72,6984.96,No
CUST-00604,Male,0,Yes,No,36,Yes,Yes,No,Yes,Yes,Yes,No,Yes,Yes,Two year,Yes,Electronic check,35.97,1294.92,No
CUST-00605,Female,0,Yes,No,61,Yes,Yes,DSL,Yes,No,Yes,Yes,No,No,Month-to-month,No,Bank transfer (automatic),112.11,6875.66,No
CUST-00606,Female,0,Yes,No,38,No,No phone service,DSL,No,No,No,No,No internet service,Yes,Month-to-month,Yes,Bank transfer (automatic),81.33,3100.3,No
CUST-00607,Male,1,No,No,44,Yes,No,Fiber optic,Yes,Yes,No internet service,No internet service,No,No,One year,Yes,Mailed check,72.56,3192.64,Yes
CUST-00608,Female,0,No,Yes,11,Yes,No,Fiber optic,No internet service,No,Yes,No internet service,No internet service,Yes,Two year,Yes,Electronic check,86.48,951.28,Yes
CUST-00609,Female,0,Yes,Yes,24,Yes,No phone service,DSL,No,Yes,No,Yes,No,No,Two year,Yes,Bank transfer (automatic),47.39,1137.36,No
CUST-00610,Female,0,No,No,52,Yes,Yes,DSL,No,No,No,Yes,No,No,Month-to-month,Yes,Electronic check,20.59,1074.85,No
CUST-00611,Female,0,Yes,No,61,Yes,No phone service,DSL,No internet service,Yes,Yes,Yes,Yes,No internet service,Two year,Yes,Mailed check,63.09,3848.49,No
CUST-00612,Male,0,Yes,No,6,Yes,No,Fiber optic,No,No,No,No internet service,Yes,Yes,Month-to-month,Yes,Credit card (automatic),93.82,563.97,Yes
CUST-00613,Female,0,No,No,5,Yes,No,DSL,No,No,Yes,No,No,No internet service,Two year,Yes,Credit card (automatic),111.7,559.11,No
CUST-00614,Male,0,Yes,No,50,Yes,Yes,Fiber optic,No,Yes,No,No,Yes,No internet service,One year,Yes,Bank transfer (automatic),61.87,3093.5,No
CUST-00615,Female,0,Yes,No,32,Yes,Yes,No,No internet service,No,No,No,No,No internet service,Two year,No,Mailed check,44.89,1446.28,No
CUST-00616,Female,0,Yes,Yes,61,Yes,No,DSL,Yes,No,No,Yes,Yes,No,Two year,Yes,Electronic check,31.39,1918.57,No
CUST-00617,Male,0,Yes,Yes,4,Yes,Yes,DSL,Yes,No internet service,No internet service,No internet service,Yes,Yes,Month-to-month,No,Bank transfer (automatic),113.42,460.15,Yes
CUST-00618,Male,0,No,No,25,Yes,Yes,DSL,No internet service,Yes,Yes,No,No,No internet service,Two year,Yes,Mailed check,41.56,1039.0,No
CUST-00619,Male,1,Yes,No,2,Yes,No,DSL,Yes,Yes,No internet service,Yes,No,No,One year,Yes,Bank transfer (automatic),110.93,222.84,Yes
CUST-00620,Male,0,Yes,No,51,Yes,No,DSL,No,Yes,Yes,No,Yes,No,Month-to-month,Yes,Electronic check,36.74,1877.2,Yes
CUST-00621,Male,0,Yes,Yes,62,Yes,Yes,Fiber optic,No,No internet service,Yes,No,No,Yes,Month-to-month,Yes,Credit card (automatic),19.85,1236.19,Yes
CUST-00622,Male,0,No,No,11,Yes,No,DSL,No,No,Yes,No,Yes,Yes,One year,Yes,Credit card (automatic),40.87,459.08,No
CUST-00623,Male,0,No,No,23,Yes,No phone service,Fiber optic,No,Yes,No internet service,No internet service,Yes,Yes,Month-to-month,No,Mailed check,68.26,1575.64,Yes
CUST-00624,Male,0,No,No,61,Yes,No,Fiber optic,No internet service,No,No,Yes,No internet service,No,Month-to-month,Yes,Electronic check,53.57,3304.76,No
CUST-00625,Female,0,No,Yes,3,Yes,No,No,Yes,Yes,No internet service,Yes,No internet service,No,One year,Yes,Mailed check,110.59,331.77,Yes
CUST-00626,Male,0,No,No,69,Yes,No,DSL,No,No,No,Yes,No,No internet service,Month-to-month,No,Mailed check,73.6,5078.4,Yes
CUST-00627,Male,0,No,No,64,No,Yes,DSL,No,No,No,No,No,Yes,Month-to-month,Yes,Credit card (automatic),30.01,1954.5,Yes
CUST-00628,Male,0,No,No,11,No,Yes,No,No,No,No internet service,No internet service,No internet service,Yes,Two year,No,Electronic check,81.78,899.58,No
CUST-00629,Female,0,Yes,Yes,10,Yes,No phone service,DSL,No internet service,No,No internet service,No,No,Yes,Month-to-month,Yes,Electronic check,57.67,595.33,Yes
CUST-00630,Male,0,Yes,Yes,50,Yes,No,Fiber optic,No,Yes,No internet service,No,Yes,Yes,One year,Yes,Credit card (automatic),87.25,4365.21,Yes
CUST-00631,Female,0,Yes,Yes,0,Yes,No,Fiber optic,Yes,No,No,No,Yes,No,Month-to-month,Yes,Electronic check,98.19,0.0,Yes
CUST-00632,Male,1,Yes,No,36,Yes,No phone service,Fiber optic,No internet service,No,No internet service,No internet service,Yes,No,Two year,Yes,Electronic check,118.53,4286.8,No
CUST-00633,Male,0,Yes,No,4,Yes,Yes,DSL,No internet service,Yes,Yes,No,No,No internet service,Month-to-month,No,Credit card (automatic),76.82,317.65,Yes
CUST-00634,Male,0,No,Yes,38,Yes,Yes,DSL,Yes,No internet service,No internet service,Yes,No,Yes,Two year,No,Bank transfer (automatic),55.41,2105.58,No
CUST-00635,Male,1,No,No,25,Yes,No,Fiber optic,No,No,No internet service,No,Yes,Yes,One year,Yes,Mailed check,62.23,1559.22,Yes
CUST-00636,Female,0,Yes,Yes,51,Yes,Yes,Fiber optic,Yes,No internet service,No,No internet service,Yes,No,Two year,No,Mailed check,59.07,3012.57,No
CUST-00637,Male,0,Yes,No,64,Yes,No,Fiber optic,Yes,No,Yes,No,Yes,Yes,Month-to-month,Yes,Bank transfer (automatic),63.95,4118.22,No
CUST-00638,Male,1,Yes,No,35,No,No,Fiber optic,Yes,Yes,Yes,No internet service,No,No,Month-to-month,Yes,Credit card (automatic),21.07,772.52,Yes
CUST-00639,Female,0,No,Yes,46,Yes,No,No,No internet service,No,No internet service,No,No internet service,No,Month-to-month,Yes,Mailed check,43.23,2026.06,No
CUST-00640,Female,0,Yes,Yes,43,Yes,Yes,No,Yes,No,No internet service,No,No,No internet service,Month-to-month,No,Electronic check,118.75,5113.4,Yes
CUST-00641,Female,0,Yes,Yes,71,Yes,No,Fiber optic,Yes,Yes,No,Yes,No,Yes,Month-to-month,Yes,Electronic check,112.66,7998.86,No
CUST-00642,Female,0,Yes,Yes,16,No,Yes,DSL,No,No,No internet service,No,Yes,No internet service,One year,No,Credit card (automatic),22.93,373.32,No
CUST-00643,Female,0,No,No,17,Yes,No,Fiber optic,No,No,No,Yes,No,No internet service,Month-to-month,Yes,Credit card (automatic),117.92,2004.64,No
CUST-00644,Male,0,Yes,Yes,27,Yes,Yes,Fiber optic,Yes,Yes,No internet service,Yes,No,Yes,Month-to-month,No,Credit card (automatic),98.78,2713.97,Yes
CUST-00645,Female,0,No,Yes,53,Yes,No,Fiber optic,Yes,No internet service,Yes,Yes,Yes,No,Month-to-month,No,Bank transfer (automatic),18.28,992.73,Yes
CUST-00646,Male,0,No,No,63,Yes,No,DSL,No internet service,Yes,Yes,No,No,No,One year,No,Electronic check,111.17,7009.8,No
CUST-00647,Male,0,Yes,No,20,Yes,No,Fiber optic,No,No,No,No internet service,No internet service,Yes,One year,No,Electronic check,115.96,2339.14,No
CUST-00648,Female,0,No,Yes,8,Yes,No,DSL,No,No,Yes,No,Yes,No internet service,Month-to-month,Yes,Electronic check,82.13,657.04,Yes
CUST-00649,Female,1,No,No,44,Yes,Yes,DSL,Yes,No,No,No,No,Yes,Month-to-month,No,Mailed check,98.41,4330.04,No
CUST-00650,Female,0,No,No,43,Yes,No,No,No,Yes,No internet service,Yes,No internet service,Yes,Month-to-month,Yes,Credit card (automatic),51.92,2232.56,Yes
CUST-00651,Male,0,Yes,No,27,Yes,No,Fiber optic,No internet service,No,Yes,No,No internet service,Yes,Two year,Yes,Bank transfer (automatic),76.38,2063.92,Yes
CUST-00652,Female,0,No,No,13,Yes,No,Fiber optic,Yes,No,No,Yes,No,No,Two year,No,Mailed check,92.62,1204.06,Yes
CUST-00653,Male,0,No,Yes,62,Yes,Yes,Fiber optic,Yes,No internet service,Yes,No,Yes,No internet service,Month-to-month,No,Bank transfer (automatic),75.25,4675.89,Yes
CUST-00654,Female,0,Yes,Yes,61,Yes,No,Fiber optic,No,Yes,No internet service,No internet service,No internet service,No,Month-to-month,Yes,Credit card (automatic),49.07,2993.53,No
CUST-00655,Female,1,Yes,No,54,Yes,No,DSL,No,Yes,Yes,No,Yes,No,One year,No,Mailed check,84.22,4557.36,Yes
CUST-00656,Female,0,No,No,42,Yes,No,Fiber optic,Yes,No,No,No,Yes,Yes,Two year,Yes,Credit card (automatic),103.52,4364.06,No
CUST-00657,Female,0,No,No,19,Yes,No,DSL,No internet service,Yes,No,No,Yes,No,Month-to-month,Yes,Electronic check,103.27,1962.13,No
CUST-00658,Female,1,No,Yes,29,Yes,Yes,Fiber optic,No,No,No,Yes,No,No,Month-to-month,Yes,Mailed check,31.48,930.3,Yes
CUST-00659,Male,0,No,No,4,Yes,No phone service,DSL,No,No,Yes,No,No,No,Month-to-month,No,Electronic check,63.43,253.72,No
CUST-00660,Male,0,Yes,Yes,18,Yes,Yes,No,Yes,No,Yes,Yes,No internet service,No,Two year,No,Electronic check,21.95,405.45,No
CUST-00661,Male,0,Yes,No,32,Yes,Yes,Fiber optic,No,No internet service,No,No,No,No internet service,Month-to-month,No,Electronic check,82.54,2661.72,Yes
CUST-00662,Female,0,No,No,31,No,No,Fiber optic,No,No,Yes,No internet service,No internet service,No,Two year,Yes,Mailed check,42.7,1344.28,Yes
CUST-00663,Male,0,Yes,No,5,Yes,Yes,DSL,No internet service,No internet service,Yes,No,No,No,One year,No,Bank transfer (automatic),112.9,567.08,No
CUST-00664,Male,0,Yes,Yes,69,No,No,Fiber optic,No,No,No,No,No,No,Two year,Yes,Bank transfer (automatic),81.06,5596.71,No
CUST-00665,Female,1,No,No,19,Yes,Yes,Fiber optic,No,Yes,Yes,Yes,Yes,Yes,Two year,Yes,Mailed check,58.86,1136.18,No
CUST-00666,Female,1,Yes,No,37,Yes,No,Fiber optic,No,No internet service,Yes,No,Yes,No,Month-to-month,No,Mailed check,92.61,3426.57,No
CUST-00667,Female,1,Yes,No,33,Yes,No phone service,Fiber optic,No,No,No,No internet service,No,No,One year,No,Electronic check,39.15,1291.95,Yes
CUST-00668,Female,0,Yes,No,34,Yes,No phone service,No,No internet service,No internet service,No,No,No,No,One year,No,Bank transfer (automatic),27.33,929.22,No
CUST-00669,Female,0,Yes,No,61,Yes,No phone service,Fiber optic,No,Yes,No,No,Yes,No,Two year,No,Credit card (automatic),26.91,1641.51,No
CUST-00670,Male,1,Yes,Yes,54,Yes,No,Fiber optic,No,Yes,No,Yes,No,Yes,Month-to-month,Yes,Bank transfer (automatic),77.45,4182.3,No
CUST-00671,Female,0,Yes,Yes,63,No,Yes,Fiber optic,No internet service,No internet service,No,Yes,Yes,Yes,Month-to-month,Yes,Credit card (automatic),108.66,6845.58,Yes
CUST-00672,Female,0,Yes,No,27,Yes,No phone service,Fiber optic,No internet service,Yes,No,No,No,Yes,Two year,No,Credit card (automatic),40.72,1101.18,No
CUST-00673,Female,0,Yes,Yes,19,No,No phone service,Fiber optic,Yes,No,No,No internet service,Yes,No,Month-to-month,Yes,Credit card (automatic),95.52,1814.88,No
CUST-00674,Male,0,No,Yes,31,Yes,No,Fiber optic,Yes,No,Yes,Yes,Yes,No internet service,Two year,No,Electronic check,21.84,698.43,No
CUST-00675,Female,0,No,No,40,Yes,Yes,DSL,No,Yes,No,No,Yes,No,Month-to-month,Yes,Electronic check,54.04,2173.06,Yes
CUST-00676,Female,1,No,Yes,24,Yes,Yes,DSL,No internet service,Yes,Yes,Yes,No internet service,No,Month-to-month,Yes,Mailed check,84.68,2032.32,Yes
CUST-00677,Female,0,No,Yes,33,Yes,No,DSL,No,No internet service,No internet service,No,No internet service,No,Two year,No,Electronic check,102.28,3375.24,No
CUST-00678,Male,0,Yes,Yes,11,No,No,No,No,Yes,No,No,Yes,Yes,One year,No,Electronic check,114.21,1256.31,No
CUST-00679,Female,1,No,Yes,42,No,Yes,Fiber optic,No,No,No,No,Yes,Yes,One year,Yes,Electronic check,82.52,3465.84,Yes
CUST-00680,Female,0,No,No,52,No,Yes,Fiber optic,Yes,No,No,Yes,No,Yes,Month-to-month,Yes,Electronic check,65.19,3440.26,No
CUST-00681,Female,0,Yes,No,38,No,No,Fiber optic,Yes,No,No internet service,Yes,Yes,No internet service,Month-to-month,Yes,Mailed check,24.18,918.84,Yes
CUST-00682,Male,0,Yes,Yes,63,Yes,Yes,Fiber optic,Yes,No,No,No internet service,No internet service,Yes,Month-to-month,Yes,Mailed check,46.12,2905.56,No
CUST-00683,Female,0,No,No,72,Yes,No phone service,No,Yes,Yes,No,No,No,No,One year,No,Credit card (automatic),112.16,8075.52,No
CUST-00684,Female,0,No,No,66,Yes,Yes,No,No,No internet service,No internet service,Yes,No internet service,Yes,Month-to-month,Yes,Credit card (automatic),77.46,5117.75,Yes
CUST-00685,Male,0,Yes,No,6,Yes,Yes,No,No,Yes,No,No,Yes,No,Month-to-month,Yes,Electronic check,52.95,322.29,Yes
CUST-00686,Female,0,Yes,No,64,Yes,Yes,No,Yes,Yes,No,Yes,No internet service,Yes,Month-to-month,No,Mailed check,43.38,2776.32,No
CUST-00687,Male,0,Yes,Yes,24,Yes,No,DSL,No,No internet service,Yes,No,No,No internet service,Two year,No,Bank transfer (automatic),29.59,728.08,No
CUST-00688,Female,0,Yes,No,32,Yes,No,DSL,No,Yes,Yes,No,No,Yes,Two year,Yes,Mailed check,94.66,3036.51,No
CUST-00689,Male,0,No,No,30,Yes,Yes,Fiber optic,No,Yes,No internet service,Yes,No internet service,No internet service,Month-to-month,No,Mailed check,60.06,1820.56,Yes
CUST-00690,Female,0,No,No,20,Yes,Yes,Fiber optic,No,No internet service,Yes,No,No,No,Two year,Yes,Bank transfer (automatic),113.53,2294.67,No
CUST-00691,Female,0,Yes,No,64,Yes,No,DSL,Yes,Yes,Yes,No,Yes,No,Month-to-month,Yes,Mailed check,64.35,4118.4,No
CUST-00692,Female,1,No,Yes,46,Yes,Yes,Fiber optic,No,Yes,Yes,No internet service,No,No,Month-to-month,No,Bank transfer (automatic),101.47,4681.33,Yes
CUST-00693,Female,0,No,No,70,Yes,No,DSL,Yes,No,No internet service,No,No internet service,No,Month-to-month,Yes,Electronic check,31.28,2189.6,Yes
CUST-00694,Female,0,No,No,69,Yes,Yes,DSL,Yes,No,No,No,No internet service,Yes,Two year,No,Mailed check,33.39,2308.9,No
CUST-00695,Male,0,Yes,No,30,Yes,No,DSL,Yes,No internet service,No,No,No,No,Month-to-month,No,Mailed check,45.87,1376.1,Yes
CUST-00696,Male,0,No,No,53,Yes,Yes,No,No,No,No internet service,Yes,No,No,Month-to-month,No,Mailed check,37.51,1988.03,Yes
CUST-00697,Female,0,No,No,36,Yes,No,Fiber optic,Yes,No internet service,No,No,Yes,No,Two year,Yes,Mailed check,117.63,4234.68,No
CUST-00698,Female,0,No,No,36,Yes,No,Fiber optic,No,Yes,No internet service,Yes,Yes,No,One year,Yes,Mailed check,100.43,3636.09,No
CUST-00699,Male,1,Yes,No,53,Yes,Yes,No,Yes,No,No,Yes,No,No,Two year,No,Credit card (automatic),53.54,2837.62,No
CUST-00700,Male,0,Yes,No,50,Yes,Yes,No,Yes,Yes,No,No,No,Yes,One year,No,Electronic check,71.02,3566.01,No
CUST-00701,Female,1,No,No,66,Yes,Yes,Fiber optic,No internet service,No internet service,No,Yes,Yes,Yes,One year,No,Credit card (automatic),72.39,4777.74,Yes
CUST-00702,Female,1,Yes,No,56,Yes,Yes,Fiber optic,No,No internet service,No internet service,No,No,Yes,Month-to-month,Yes,Mailed check,79.94,4476.64,Yes
CUST-00703,Male,0,No,No,45,Yes,No phone service,DSL,Yes,Yes,Yes,No,No,No,One year,No,Bank transfer (automatic),28.57,1321.74,No
CUST-00704,Male,0,Yes,No,67,Yes,Yes,Fiber optic,No,No internet service,Yes,Yes,No,Yes,Month-to-month,Yes,Electronic check,53.6,3638.43,No
CUST-00705,Male,0,No,Yes,7,Yes,Yes,DSL,Yes,No,No internet service,No,Yes,Yes,Month-to-month,Yes,Credit card (automatic),26.76,187.32,No
CUST-00706,Female,1,Yes,Yes,55,Yes,Yes,Fiber optic,No,Yes,No,No,Yes,No,Two year,Yes,Bank transfer (automatic),111.74,6145.7,Yes
CUST-00707,Male,0,Yes,Yes,28,Yes,No,Fiber optic,Yes,No,No,No,No,Yes,Month-to-month,No,Credit card (automatic),59.15,1656.2,Yes
CUST-00708,Female,0,Yes,No,31,Yes,No phone service,DSL,No,No internet service,Yes,No internet service,No internet service,Yes,Month-to-month,Yes,Credit card (automatic),92.16,2902.06,No
CUST-00709,Male,1,Yes,Yes,57,Yes,No,Fiber optic,No internet service,Yes,No internet service,No,Yes,No internet service,Month-to-month,Yes,Credit card (automatic),111.92,6379.44,Yes
CUST-00710,Male,0,Yes,No,19,Yes,No,Fiber optic,Yes,Yes,No,No internet service,No internet service,No,Two year,No,Mailed check,49.56,963.13,No
CUST-00711,Female,0,Yes,No,64,Yes,No,Fiber optic,Yes,No internet service,No internet service,No,No,No,Two year,No,Mailed check,26.96,1731.43,No
CUST-00712,Female,0,Yes,Yes,36,Yes,Yes,DSL,No,No,No,Yes,No internet service,Yes,Month-to-month,Yes,Electronic check,52.29,1882.44,No
CUST-00713,Female,1,No,No,25,Yes,No,DSL,No internet service,No,No internet service,No,No,No,Month-to-month,No,Bank transfer (automatic),86.44,2161.0,No
CUST-00714,Female,1,No,No,23,Yes,No,Fiber optic,No,No,No,Yes,Yes,No internet service,One year,No,Credit card (automatic),68.98,1586.54,No
CUST-00715,Female,0,No,No,30,Yes,Yes,No,No,No,No,Yes,No,Yes,One year,Yes,Bank transfer (automatic),25.65,815.84,Yes
CUST-00716,Female,0,Yes,Yes,68,Yes,No,No,Yes,Yes,No,Yes,No,Yes,Month-to-month,No,Bank transfer (automatic),25.16,1716.03,Yes
CUST-00717,Female,0,No,No,7,Yes,Yes,DSL,No,Yes,No,No internet service,Yes,Yes,Month-to-month,No,Mailed check,89.36,646.61,No
CUST-00718,Male,0,No,No,37,Yes,Yes,Fiber optic,Yes,No internet service,No,No internet service,No,No internet service,One year,No,Bank transfer (automatic),93.13,3445.81,No
CUST-00719,Male,0,Yes,No,60,Yes,No,Fiber optic,No,No,Yes,No internet service,No,Yes,Month-to-month,Yes,Mailed check,29.17,1750.2,Yes
CUST-00720,Female,0,No,Yes,34,Yes,Yes,No,Yes,No,No,No,No,No,One year,No,Credit card (automatic),99.06,3383.62,No
CUST-00721,Male,0,No,No,41,Yes,No,DSL,No,No internet service,No,No,No internet service,No,Month-to-month,No,Bank transfer (automatic),53.25,2183.25,Yes
CUST-00722,Female,0,Yes,No,25,Yes,No phone service,Fiber optic,Yes,Yes,Yes,No internet service,No,No internet service,Two year,No,Bank transfer (automatic),24.96,624.0,No
CUST-00723,Female,0,Yes,Yes,9,Yes,No,Fiber optic,No,No internet service,No,No,Yes,Yes,One year,Yes,Bank transfer (automatic),52.05,468.45,No
CUST-00724,Male,0,Yes,No,46,Yes,Yes,DSL,No,No,Yes,No,No internet service,No,One year,Yes,Bank transfer (automatic),92.51,4271.99,Yes
CUST-00725,Female,0,Yes,Yes,67,Yes,No,DSL,No internet service,No internet service,Yes,Yes,Yes,No internet service,Two year,No,Mailed check,84.89,5695.6,No
CUST-00726,Male,0,No,No,37,Yes,No,DSL,No internet service,Yes,No,No,Yes,Yes,Month-to-month,Yes,Mailed check,67.11,2496.74,No
CUST-00727,Female,0,No,No,31,Yes,Yes,Fiber optic,No,Yes,Yes,No,No internet service,No,Month-to-month,No,Mailed check,46.52,1459.54,No
CUST-00728,Male,1,No,Yes,9,Yes,Yes,Fiber optic,No,No,No internet service,No,No internet service,Yes,Month-to-month,Yes,Credit card (automatic),60.63,545.67,Yes
CUST-00729,Male,0,Yes,No,68,Yes,No,Fiber optic,Yes,No internet service,No internet service,Yes,No,Yes,Two year,No,Electronic check,56.92,3890.62,Yes
CUST-00730,Female,0,Yes,No,63,Yes,No phone service,DSL,No internet service,No internet service,No,No,No,Yes,Two year,Yes,Bank transfer (automatic),57.78,3640.14,Yes
CUST-00731,Female,1,No,No,65,Yes,Yes,No,No,No,No,No,No,Yes,Month-to-month,No,Credit card (automatic),67.95,4429.26,Yes
CUST-00732,Male,0,Yes,No,26,Yes,Yes,Fiber optic,No,No,Yes,Yes,No internet service,Yes,Two year,No,Electronic check,64.44,1675.44,No
CUST-00733,Female,0,No,No,45,Yes,No phone service,No,No,Yes,No,No,No internet service,No internet service,Month-to-month,Yes,Bank transfer (automatic),28.45,1280.25,Yes
CUST-00734,Female,0,No,Yes,31,Yes,Yes,DSL,No,No,Yes,No internet service,Yes,No,Month-to-month,Yes,Bank transfer (automatic),47.6,1521.92,No
CUST-00735,Male,1,Yes,No,17,Yes,Yes,No,No internet service,No internet service,No internet service,No,No internet service,No,Month-to-month,No,Mailed check,31.17,542.11,No
CUST-00736,Female,0,No,No,15,Yes,No,No,No internet service,No internet service,No internet service,No,No,No,Two year,No,Electronic check,79.41,1203.38,No
CUST-00737,Female,1,Yes,No,28,Yes,Yes,No,No,No,Yes,No,Yes,No internet service,Month-to-month,No,Bank transfer (automatic),61.13,1711.64,Yes
CUST-00738,Male,0,Yes,Yes,40,Yes,Yes,No,No,No internet service,No,No internet service,Yes,Yes,Month-to-month,Yes,Bank transfer (automatic),86.54,3461.6,No
CUST-00739,Female,0,Yes,Yes,8,Yes,No,Fiber optic,No internet service,Yes,No,No,Yes,Yes,One year,No,Credit card (automatic),26.94,215.52,Yes
CUST-00740,Female,0,Yes,No,51,Yes,No,Fiber optic,No,No,No,Yes,No internet service,Yes,Month-to-month,No,Electronic check,53.18,2712.18,Yes
CUST-00741,Female,0,Yes,Yes,33,Yes,No,Fiber optic,No,No,Yes,No,No,No internet service,Month-to-month,Yes,Credit card (automatic),36.4,1239.49,Yes
CUST-00742,Female,0,No,Yes,64,Yes,Yes,Fiber optic,No,No,No,No internet service,No,No internet service,Month-to-month,Yes,Bank transfer (automatic),27.39,1773.34,No
CUST-00743,Female,0,No,No,20,Yes,No,No,No,No,Yes,Yes,Yes,No,Month-to-month,Yes,Mailed check,96.89,1939.98,Yes
CUST-00744,Male,1,Yes,Yes,3,No,No,DSL,No,No,No internet service,Yes,No internet service,Yes,Month-to-month,No,Mailed check,31.36,95.39,Yes
CUST-00745,Female,0,No,Yes,22,Yes,No,Fiber optic,No,Yes,No,Yes,No,No,Month-to-month,No,Credit card (automatic),35.84,803.64,No
CUST-00746,Male,0,No,Yes,71,Yes,No,No,No internet service,Yes,No,No,No internet service,No,Two year,Yes,Bank transfer (automatic),55.41,3934.11,Yes
CUST-00747,Female,0,Yes,No,23,Yes,No,DSL,No internet service,No,No internet service,No,No,Yes,Two year,Yes,Bank transfer (automatic),47.86,1100.78,No
CUST-00748,Male,0,Yes,No,51,Yes,No,DSL,No,No,No,No,No,Yes,Two year,Yes,Bank transfer (automatic),111.82,5717.69,Yes
CUST-00749,Male,0,Yes,No,61,Yes,No,DSL,Yes,No,No,Yes,No,Yes,Month-to-month,Yes,Mailed check,118.84,7250.68,No
CUST-00750,Male,0,No,Yes,20,Yes,Yes,Fiber optic,No,No,No,No,No,No,Month-to-month,No,Mailed check,61.08,1221.6,Yes
CUST-00751,Female,0,No,Yes,46,Yes,No phone service,No,No,Yes,No,Yes,No internet service,No internet service,Month-to-month,No,Credit card (automatic),38.52,1771.92,No
CUST-00752,Male,0,Yes,No,14,Yes,No,DSL,No,No,No,No,No,Yes,Month-to-month,Yes,Mailed check,68.81,981.22,No
CUST-00753,Male,1,No,No,26,No,Yes,Fiber optic,No internet service,No,No internet service,Yes,No internet service,No internet service,One year,Yes,Electronic check,68.56,1782.56,Yes
CUST-00754,Female,0,Yes,No,21,Yes,Yes,Fiber optic,Yes,No,Yes,No internet service,Yes,No,Month-to-month,Yes,Mailed check,65.54,1384.35,No
CUST-00755,Female,0,No,No,49,Yes,No,Fiber optic,Yes,No,No,No,No,No,One year,No,Electronic check,20.07,983.43,Yes
CUST-00756,Male,0,No,No,63,No,No,Fiber optic,No internet service,Yes,No,No,No internet service,No internet service,Two year,Yes,Bank transfer (automatic),31.09,1958.67,Yes
CUST-00757,Female,0,No,No,18,Yes,No,No,No internet service,Yes,No,Yes,No internet service,No,Month-to-month,Yes,Bank transfer (automatic),32.38,582.84,No
CUST-00758,Male,1,Yes,No,21,Yes,No,DSL,No,Yes,No internet service,Yes,No,Yes,Two year,No,Credit card (automatic),53.88,1131.48,No
CUST-00759,Male,1,Yes,Yes,59,Yes,Yes,DSL,Yes,No,Yes,No,No,Yes,Month-to-month,Yes,Bank transfer (automatic),77.24,4568.7,No
CUST-00760,Female,1,No,No,33,Yes,Yes,Fiber optic,No,Yes,Yes,No,No internet service,No internet service,Two year,No,Mailed check,107.54,3548.82,No
CUST-00761,Male,0,Yes,No,37,Yes,No,Fiber optic,No,Yes,No,No,Yes,No,One year,Yes,Bank transfer (automatic),40.78,1508.86,Yes
CUST-00762,Female,0,Yes,No,51,No,Yes,Fiber optic,No,No internet service,No,No,No internet service,Yes,Month-to-month,Yes,Bank transfer (automatic),96.66,4941.81,Yes
CUST-00763,Female,0,Yes,No,10,Yes,No,DSL,Yes,No,No internet service,No,Yes,No,Month-to-month,No,Bank transfer (automatic),41.07,424.18,No
CUST-00764,Female,0,No,No,63,Yes,Yes,DSL,No,No,No,No internet service,Yes,Yes,Month-to-month,No,Credit card (automatic),21.33,1343.79,No
CUST-00765,Male,0,Yes,No,26,Yes,No,No,No,No,Yes,No,No,Yes,Two year,No,Electronic check,84.29,2191.54,Yes
CUST-00766,Female,0,No,Yes,48,Yes,No,DSL,No,Yes,Yes,No internet service,No,No internet service,Month-to-month,Yes,Bank transfer (automatic),39.89,1914.72,No
CUST-00767,Female,1,No,No,31,Yes,Yes,Fiber optic,No,Yes,No,No,Yes,No,Two year,Yes,Credit card (automatic),111.8,3466.07,Yes
CUST-00768,Male,0,No,No,54,Yes,No,Fiber optic,No,No internet service,No,No,Yes,Yes,Month-to-month,Yes,Mailed check,113.21,6142.02,Yes
CUST-00769,Male,0,No,Yes,44,No,No,DSL,No,No,Yes,No,No internet service,No,Two year,Yes,Mailed check,28.71,1270.42,Yes
CUST-00770,Male,0,Yes,No,12,Yes,Yes,DSL,No,No,No,Yes,No,No internet service,Month-to-month,Yes,Mailed check,37.86,497.6,Yes
CUST-00771,Female,0,No,No,13,Yes,Yes,Fiber optic,No internet service,No internet service,No internet service,Yes,No internet service,Yes,One year,Yes,Mailed check,39.46,517.37,No
CUST-00772,Female,0,No,No,64,Yes,No,Fiber optic,No,Yes,No,Yes,Yes,Yes,Two year,Yes,Credit card (automatic),110.97,7102.08,No
CUST-00773,Male,0,No,Yes,37,Yes,No,DSL,No,No,No,No,No,Yes,Month-to-month,Yes,Mailed check,25.96,960.52,Yes
CUST-00774,Female,1,No,No,20,No,No,Fiber optic,No,Yes,Yes,No,Yes,Yes,Month-to-month,Yes,Mailed check,94.62,1895.25,Yes
CUST-00775,Female,0,No,Yes,10,Yes,No,DSL,No internet service,No,No internet service,Yes,No,Yes,One year,Yes,Bank transfer (automatic),47.35,479.96,No
CUST-00776,Female,0,No,Yes,9,Yes,Yes,DSL,No,No internet service,Yes,Yes,Yes,Yes,One year,No,Mailed check,77.41,696.69,No
CUST-00777,Male,0,No,No,67,Yes,Yes,DSL,No,Yes,No,No,Yes,Yes,Two year,No,Bank transfer (automatic),36.08,2417.36,No
CUST-00778,Male,0,Yes,Yes,71,Yes,No,DSL,No internet service,No internet service,Yes,No,No,No,Month-to-month,Yes,Bank transfer (automatic),100.27,7119.17,Yes
CUST-00779,Male,0,Yes,Yes,28,Yes,No,Fiber optic,Yes,No,Yes,Yes,No,Yes,Two year,Yes,Electronic check,86.42,2440.35,Yes
CUST-00780,Female,0,Yes,No,14,Yes,No,No,No,No,Yes,Yes,No,Yes,Two year,No,Electronic check,20.16,282.24,No
CUST-00781,Female,0,No,No,30,Yes,Yes,DSL,No,Yes,Yes,No internet service,No,No,Two year,Yes,Electronic check,42.19,1268.84,Yes
CUST-00782,Female,0,Yes,No,9,Yes,No,Fiber optic,No internet service,No,No internet service,No,No,Yes,Month-to-month,No,Bank transfer (automatic),65.57,590.13,Yes
CUST-00783,Male,0,Yes,No,40,Yes,No,Fiber optic,No,No,Yes,No,No,Yes,Month-to-month,Yes,Credit card (automatic),72.18,2895.84,Yes
CUST-00784,Male,0,No,No,45,Yes,Yes,Fiber optic,Yes,Yes,No internet service,Yes,No,No internet service,Two year,No,Credit card (automatic),102.38,4607.1,No
CUST-00785,Male,0,Yes,No,71,Yes,No,Fiber optic,No internet service,No,No,Yes,No internet service,No,One year,Yes,Bank transfer (automatic),57.47,4080.37,No
CUST-00786,Female,1,No,No,23,No,No,DSL,No,Yes,Yes,No,No internet service,No,One year,No,Credit card (automatic),112.54,2607.26,No
CUST-00787,Male,0,No,No,14,Yes,Yes,Fiber optic,No,No internet service,No,No,Yes,No,Two year,Yes,Credit card (automatic),37.78,528.92,Yes
CUST-00788,Female,0,Yes,No,9,Yes,Yes,DSL,Yes,Yes,Yes,No internet service,No,No internet service,Month-to-month,Yes,Bank transfer (automatic),105.49,949.41,No
CUST-00789,Female,1,Yes,Yes,27,Yes,Yes,Fiber optic,Yes,No,No internet service,No,No internet service,Yes,One year,Yes,Mailed check,110.24,2990.3,No
CUST-00790,Male,0,No,No,43,Yes,No phone service,DSL,No,No,Yes,No,No internet service,Yes,One year,Yes,Credit card (automatic),81.92,3550.09,Yes
CUST-00791,Male,0,No,No,4,Yes,Yes,Fiber optic,No,No,No internet service,Yes,No,No internet service,Two year,No,Bank transfer (automatic),116.69,466.76,Yes
CUST-00792,Male,0,No,Yes,55,Yes,Yes,Fiber optic,No internet service,No internet service,Yes,No,No,Yes,Two year,Yes,Credit card (automatic),59.88,3293.4,No
CUST-00793,Female,0,No,Yes,33,Yes,Yes,Fiber optic,Yes,No internet service,Yes,No internet service,No,No,Month-to-month,Yes,Electronic check,89.33,2969.56,Yes
CUST-00794,Female,0,Yes,No,57,Yes,Yes,DSL,No,Yes,Yes,Yes,No internet service,Yes,Month-to-month,Yes,Credit card (automatic),19.03,1107.73,Yes
CUST-00795,Male,1,No,No,33,Yes,Yes,Fiber optic,Yes,No,No,No internet service,No,Yes,Two year,Yes,Mailed check,46.02,1544.27,Yes
CUST-00796,Male,0,Yes,Yes,11,Yes,No,Fiber optic,No,No,No,Yes,Yes,No,Two year,No,Credit card (automatic),75.77,884.7,Yes
CUST-00797,Female,0,Yes,Yes,1,Yes,Yes,Fiber optic,Yes,Yes,No internet service,No,No internet service,No,Month-to-month,No,Mailed check,107.35,107.35,Yes
CUST-00798,Male,0,No,No,40,Yes,Yes,DSL,No,No,No,Yes,No,No,Two year,Yes,Credit card (automatic),115.2,4615.45,No
CUST-00799,Male,0,Yes,No,39,Yes,Yes,DSL,Yes,Yes,Yes,No,Yes,Yes,Month-to-month,Yes,Bank transfer (automatic),77.1,3006.9,Yes
CUST-00800,Male,0,No,No,59,Yes,Yes,DSL,No,No internet service,No,Yes,Yes,Yes,Month-to-month,No,Electronic check,105.3,6212.7,No
CUST-00801,Male,0,No,No,64,Yes,Yes,Fiber optic,No,No,No,No,No,No,Two year,Yes,Electronic check,99.52,6369.28,Yes
CUST-00802,Male,0,Yes,Yes,11,Yes,No,Fiber optic,No,No,No internet service,No,No,Yes,One year,No,Electronic check,96.91,1066.01,Yes
CUST-00803,Female,0,No,Yes,22,Yes,No,Fiber optic,Yes,No,No,No,No,No,Two year,Yes,Mailed check,29.37,646.14,No
CUST-00804,Female,0,No,No,15,Yes,No,Fiber optic,No,No internet service,No,No,Yes,No,Two year,Yes,Electronic check,66.82,1002.3,Yes
CUST-00805,Female,0,Yes,No,7,Yes,Yes,Fiber optic,No,No,Yes,Yes,Yes,Yes,Month-to-month,Yes,Bank transfer (automatic),67.6,481.98,Yes
CUST-00806,Female,0,No,No,0,Yes,No,Fiber optic,Yes,No internet service,No internet service,No,No,Yes,Month-to-month,Yes,Bank transfer (automatic),98.32,0.0,Yes
CUST-00807,Female,0,Yes,No,6,Yes,No,Fiber optic,Yes,No internet service,Yes,Yes,Yes,No internet service,Two year,No,Bank transfer (automatic),77.78,466.68,No
CUST-00808,Male,0,No,No,38,Yes,Yes,Fiber optic,No,Yes,No internet service,No,No,Yes,Month-to-month,Yes,Credit card (automatic),101.62,3878.87,Yes
CUST-00809,Male,0,Yes,No,11,No,No,DSL,No,Yes,Yes,Yes,No,Yes,One year,No,Credit card (automatic),115.56,1271.16,No
CUST-00810,Female,0,No,No,14,Yes,No,No,No internet service,Yes,No,No,Yes,No internet service,Month-to-month,Yes,Credit card (automatic),74.58,1044.12,Yes
CUST-00811,Male,0,No,No,8,Yes,Yes,No,Yes,No,No internet service,No,No internet service,Yes,Month-to-month,No,Bank transfer (automatic),98.75,790.0,Yes
CUST-00812,Female,0,No,No,52,Yes,Yes,Fiber optic,No,No,No internet service,No internet service,Yes,No internet service,Month-to-month,Yes,Credit card (automatic),75.18,3932.34,No
CUST-00813,Female,0,Yes,No,46,Yes,No,No,No,Yes,No,No,No,Yes,One year,Yes,Credit card (automatic),81.82,3769.13,No
CUST-00814,Male,0,No,No,70,Yes,Yes,No,No,No internet service,No,Yes,No,Yes,Two year,Yes,Credit card (automatic),66.55,4658.5,No
CUST-00815,Female,0,Yes,No,8,Yes,No phone service,Fiber optic,No,Yes,No internet service,No,No,No,Month-to-month,Yes,Mailed check,115.88,927.04,Yes
CUST-00816,Female,0,Yes,Yes,15,Yes,Yes,Fiber optic,No internet service,No,No,Yes,No internet service,Yes,Month-to-month,Yes,Bank transfer (automatic),101.39,1571.06,Yes
CUST-00817,Male,0,No,Yes,33,Yes,Yes,Fiber optic,No,No,No,Yes,Yes,No,Month-to-month,Yes,Credit card (automatic),94.7,3164.69,Yes
CUST-00818,Male,0,No,No,47,Yes,Yes,DSL,No internet service,No,Yes,No,No internet service,Yes,Two year,Yes,Mailed check,51.62,2455.0,No
CUST-00819,Female,0,No,No,9,No,Yes,DSL,Yes,Yes,No,No,Yes,No,Month-to-month,Yes,Bank transfer (automatic),67.51,607.59,Yes
CUST-00820,Female,0,Yes,No,15,Yes,No,Fiber optic,No internet service,No,No,No internet service,No internet service,No internet service,One year,Yes,Bank transfer (automatic),106.02,1590.3,No
CUST-00821,Male,1,No,No,30,Yes,No,Fiber optic,No internet service,No,No,No internet service,Yes,No,One year,No,Electronic check,113.51,3413.31,Yes
CUST-00822,Female,0,No,Yes,1,Yes,No phone service,DSL,No internet service,Yes,Yes,Yes,No,No,Month-to-month,No,Electronic check,119.75,119.75,Yes
CUST-00823,Male,0,No,No,28,Yes,No,Fiber optic,No,No,No,Yes,Yes,Yes,One year,No,Bank transfer (automatic),92.91,2601.48,No
CUST-00824,Female,0,Yes,No,55,Yes,No,Fiber optic,No internet service,No,No internet service,No internet service,No,Yes,Two year,No,Credit card (automatic),92.55,5119.42,No
CUST-00825,Female,0,No,No,38,No,Yes,Fiber optic,Yes,No,No,Yes,Yes,No internet service,Month-to-month,No,Bank transfer (automatic),27.58,1048.04,Yes
CUST-00826,Male,0,No,No,31,Yes,Yes,DSL,No,No,No internet service,No,Yes,No,Month-to-month,Yes,Bank transfer (automatic),94.66,2934.46,Yes
CUST-00827,Female,0,No,Yes,35,Yes,No phone service,Fiber optic,No,No,Yes,No internet service,Yes,No,Month-to-month,Yes,Electronic check,53.37,1887.0,Yes
CUST-00828,Female,0,Yes,No,69,Yes,No,DSL,No,No internet service,No,Yes,Yes,No,One year,Yes,Electronic check,106.19,7327.11,No
CUST-00829,Female,1,Yes,No,37,Yes,No,DSL,No,No,No,No,No,Yes,Two year,Yes,Bank transfer (automatic),19.15,708.55,Yes
CUST-00830,Male,0,Yes,No,39,Yes,No,DSL,Yes,Yes,No,No internet service,No,Yes,One year,No,Bank transfer (automatic),113.31,4419.09,Yes
CUST-00831,Male,0,No,No,67,No,No,DSL,Yes,No internet service,No,No,Yes,Yes,Two year,No,Electronic check,67.36,4513.12,No
CUST-00832,Male,1,Yes,Yes,11,Yes,Yes,DSL,Yes,Yes,Yes,No internet service,No internet service,No,One year,No,Bank transfer (automatic),31.05,345.95,No
CUST-00833,Male,0,Yes,No,7,Yes,No,Fiber optic,No,No internet service,No,No,No,Yes,Month-to-month,No,Electronic check,79.3,558.53,Yes
CUST-00834,Male,0,No,No,32,Yes,No,Fiber optic,No internet service,No,Yes,No,Yes,Yes,Month-to-month,No,Credit card (automatic),88.59,2859.44,Yes
CUST-00835,Female,0,Yes,No,23,Yes,No,DSL,No,Yes,No,No internet service,No,No,One year,Yes,Electronic check,97.54,2243.42,No
CUST-00836,Female,0,No,No,14,Yes,Yes,No,No,No,No internet service,No,No,No,One year,Yes,Credit card (automatic),89.59,1254.26,No
CUST-00837,Female,0,No,Yes,8,Yes,Yes,Fiber optic,No internet service,Yes,Yes,No internet service,No,No,Month-to-month,No,Electronic check,74.44,620.42,Yes
CUST-00838,Male,0,Yes,Yes,64,Yes,No,No,No,No internet service,No,No,No internet service,No,Month-to-month,No,Mailed check,26.36,1706.61,Yes
CUST-00839,Male,0,Yes,Yes,44,Yes,No,Fiber optic,No,No internet service,No,No,No,No,Month-to-month,Yes,Credit card (automatic),106.02,4664.88,Yes
CUST-00840,Female,0,No,Yes,50,Yes,No phone service,DSL,No,No,No,No,No internet service,Yes,Month-to-month,Yes,Credit card (automatic),118.31,5921.34,Yes
CUST-00841,Male,0,Yes,No,8,Yes,No,No,Yes,No,Yes,Yes,No,No,One year,No,Mailed check,97.36,778.88,No
CUST-00842,Female,0,No,No,24,Yes,Yes,No,No,No,No,No internet service,No internet service,No,One year,No,Electronic check,21.54,516.96,No
CUST-00843,Female,0,Yes,Yes,45,Yes,Yes,Fiber optic,No,No,No,No internet service,No,No,Two year,Yes,Electronic check,95.08,4322.54,No
CUST-00844,Male,1,Yes,No,38,Yes,No,Fiber optic,No,Yes,No,No,No,No internet service,Month-to-month,No,Mailed check,45.5,1729.0,Yes
CUST-00845,Male,0,Yes,No,50,Yes,Yes,Fiber optic,No,No internet service,No,No internet service,No,Yes,Two year,Yes,Bank transfer (automatic),116.13,5812.4,Yes
CUST-00846,Male,0,No,No,48,Yes,No,Fiber optic,Yes,Yes,No,No,No,No,Month-to-month,No,Mailed check,24.48,1175.04,Yes
CUST-00847,Male,0,Yes,Yes,30,Yes,No,Fiber optic,No,Yes,No internet service,No internet service,Yes,Yes,Month-to-month,No,Credit card (automatic),27.41,837.03,No
CUST-00848,Male,0,Yes,No,57,Yes,Yes,Fiber optic,Yes,Yes,Yes,No,Yes,Yes,Two year,No,Credit card (automatic),36.5,2080.5,No
CUST-00849,Female,0,Yes,Yes,18,Yes,Yes,DSL,No internet service,No internet service,Yes,No,Yes,No,Two year,No,Mailed check,94.82,1740.32,No
CUST-00850,Female,0,Yes,No,5,Yes,Yes,DSL,Yes,No internet service,No,No,Yes,Yes,Two year,No,Credit card (automatic),84.44,458.15,Yes
CUST-00851,Female,0,Yes,Yes,66,Yes,Yes,DSL,No,No,No,No,No internet service,Yes,Month-to-month,Yes,Mailed check,92.18,6095.19,No
CUST-00852,Female,1,No,No,1,Yes,No,DSL,No,Yes,No,No internet service,No,No,Month-to-month,No,Electronic check,54.1,56.4,No
CUST-00853,Female,0,No,No,20,Yes,Yes,Fiber optic,Yes,No internet service,Yes,No,Yes,Yes,One year,Yes,Credit card (automatic),107.72,2154.4,Yes
CUST-00854,Male,0,Yes,Yes,8,Yes,Yes,No,No,No,Yes,No internet service,No,No,Two year,Yes,Bank transfer (automatic),63.52,508.16,Yes
CUST-00855,Male,1,No,Yes,16,Yes,Yes,DSL,Yes,No internet service,No,Yes,Yes,Yes,Month-to-month,No,Mailed check,31.68,515.06,No
CUST-00856,Female,1,No,No,28,Yes,Yes,DSL,No,No internet service,Yes,Yes,No internet service,No,Month-to-month,Yes,Credit card (automatic),96.28,2697.63,Yes
CUST-00857,Male,0,No,No,9,Yes,No,DSL,No internet service,No,No,No,No internet service,No,Month-to-month,Yes,Credit card (automatic),72.01,667.72,Yes
CUST-00858,Male,0,No,No,34,Yes,No,Fiber optic,No,Yes,No,No,Yes,No,Month-to-month,Yes,Credit card (automatic),78.53,2670.02,Yes
CUST-00859,Female,0,Yes,Yes,67,Yes,No,Fiber optic,No,No,Yes,No internet service,No,No,Month-to-month,Yes,Credit card (automatic),57.28,3868.32,Yes
CUST-00860,Female,0,No,Yes,9,Yes,No,Fiber optic,No internet service,No internet service,No,Yes,No internet service,No internet service,One year,Yes,Mailed check,90.49,814.41,No
CUST-00861,Female,0,No,No,67,Yes,Yes,No,No,No,No internet service,Yes,No,Yes,Month-to-month,No,Bank transfer (automatic),21.63,1449.21,No
CUST-00862,Female,1,No,No,30,Yes,No,No,No internet service,No internet service,No internet service,No,No internet service,No,One year,Yes,Electronic check,68.1,2050.25,Yes
CUST-00863,Male,1,Yes,Yes,43,Yes,Yes,No,No,No,Yes,No internet service,Yes,No internet service,One year,No,Bank transfer (automatic),61.57,2656.04,Yes
CUST-00864,Female,0,No,No,32,Yes,No phone service,No,No,No internet service,No,No internet service,Yes,No,Month-to-month,Yes,Mailed check,94.14,3012.48,Yes
CUST-00865,Female,0,No,No,23,Yes,Yes,Fiber optic,Yes,No,No internet service,No internet service,No,No internet service,Month-to-month,Yes,Credit card (automatic),45.12,1037.76,Yes
CUST-00866,Female,1,No,Yes,7,Yes,No,Fiber optic,Yes,Yes,No,No,Yes,No,Two year,Yes,Credit card (automatic),41.84,292.88,No
CUST-00867,Female,1,Yes,Yes,43,Yes,Yes,Fiber optic,No,No,Yes,No internet service,No internet service,No,One year,Yes,Mailed check,50.62,2176.66,Yes
CUST-00868,Female,0,Yes,Yes,66,Yes,No,Fiber optic,No internet service,Yes,Yes,Yes,No,Yes,Two year,No,Mailed check,67.02,4423.32,No
CUST-00869,Male,0,No,No,38,Yes,Yes,DSL,Yes,No,No,No internet service,Yes,Yes,Month-to-month,No,Electronic check,39.41,1503.53,No
CUST-00870,Male,0,Yes,No,43,Yes,No phone service,DSL,No internet service,No internet service,No,No,No,No,One year,Yes,Bank transfer (automatic),87.79,3774.97,No
CUST-00871,Male,0,Yes,No,46,Yes,Yes,DSL,No,Yes,No internet service,No,No internet service,No,Two year,Yes,Mailed check,51.82,2383.72,No
CUST-00872,Male,0,No,Yes,28,Yes,No,Fiber optic,No,No internet service,No internet service,No,No internet service,No,Month-to-month,No,Credit card (automatic),61.0,1734.08,Yes
CUST-00873,Male,1,No,No,8,Yes,No,Fiber optic,No internet service,Yes,Yes,No,Yes,No internet service,Month-to-month,Yes,Credit card (automatic),74.87,640.24,Yes
CUST-00874,Male,1,Yes,No,37,Yes,Yes,DSL,No internet service,No,No,Yes,No,Yes,Two year,Yes,Mailed check,56.44,2088.28,No
CUST-00875,Female,1,Yes,No,63,Yes,Yes,Fiber optic,No,No internet service,Yes,Yes,Yes,No,Month-to-month,Yes,Bank transfer (automatic),89.53,5660.78,Yes
CUST-00876,Female,0,Yes,No,22,Yes,Yes,Fiber optic,Yes,No,Yes,No,No internet service,No internet service,Month-to-month,No,Bank transfer (automatic),84.93,1876.22,Yes
CUST-00877,Female,0,Yes,Yes,63,Yes,No,No,Yes,No internet service,Yes,No internet service,No,No internet service,Two year,Yes,Credit card (automatic),95.2,5997.6,No
CUST-00878,Female,0,Yes,No,62,Yes,No,DSL,Yes,No internet service,No internet service,No,Yes,No internet service,Month-to-month,No,Credit card (automatic),71.35,4423.7,No
CUST-00879,Female,0,No,No,17,No,Yes,DSL,No,No,Yes,Yes,No,No,One year,Yes,Mailed check,55.48,943.16,No
CUST-00880,Female,0,No,No,41,No,Yes,Fiber optic,No,No,No,No,No,No internet service,Two year,Yes,Mailed check,38.52,1585.79,No
CUST-00881,Male,0,Yes,Yes,54,Yes,Yes,Fiber optic,No,Yes,No,Yes,No,Yes,Two year,No,Bank transfer (automatic),62.56,3378.24,No
CUST-00882,Female,0,Yes,No,36,Yes,Yes,No,Yes,No,Yes,No,Yes,Yes,Month-to-month,Yes,Mailed check,107.05,3856.48,No
CUST-00883,Male,0,No,No,51,Yes,No,Fiber optic,No,Yes,No,Yes,No,Yes,Month-to-month,Yes,Electronic check,30.34,1598.76,Yes
CUST-00884,Male,0,Yes,No,66,Yes,Yes,No,No,No internet service,Yes,No,No internet service,No,Two year,Yes,Mailed check,39.97,2669.88,No
CUST-00885,Female,0,Yes,No,45,Yes,Yes,DSL,No,No,No,No,Yes,No internet service,Two year,No,Mailed check,85.86,3863.7,No
CUST-00886,Female,0,Yes,No,61,Yes,No,Fiber optic,No,No,No,Yes,Yes,No,Month-to-month,Yes,Bank transfer (automatic),76.65,4675.65,Yes
CUST-00887,Male,0,No,Yes,58,Yes,No,No,No internet service,No internet service,No internet service,No,No internet service,No,Month-to-month,Yes,Bank transfer (automatic),111.45,6489.96,No
CUST-00888,Male,0,Yes,No,59,Yes,No,DSL,No internet service,Yes,No,No,No,Yes,Month-to-month,Yes,Electronic check,20.96,1236.64,Yes
CUST-00889,Male,1,Yes,No,62,Yes,Yes,No,No,No internet service,No internet service,Yes,No,No,Month-to-month,Yes,Electronic check,107.61,6691.64,No
CUST-00890,Male,0,No,No,16,Yes,No phone service,DSL,Yes,Yes,No,Yes,No internet service,Yes,Two year,Yes,Electronic check,92.0,1526.72,No
CUST-00891,Male,0,Yes,Yes,1,Yes,No,Fiber optic,No internet service,No,Yes,No,Yes,No,Two year,Yes,Credit card (automatic),97.1,110.61,No
CUST-00892,Female,0,Yes,Yes,11,No,No,DSL,No internet service,No,No,No,No internet service,Yes,Month-to-month,Yes,Mailed check,56.62,646.5,Yes
CUST-00893,Female,0,Yes,No,18,Yes,Yes,Fiber optic,No internet service,No,No internet service,No internet service,No,No,Two year,Yes,Bank transfer (automatic),49.35,909.66,No
CUST-00894,Female,0,No,Yes,50,Yes,No,No,No,No,Yes,No,Yes,No,Two year,No,Bank transfer (automatic),19.47,973.5,No
CUST-00895,Female,0,No,No,37,Yes,No,DSL,Yes,No,Yes,No,No internet service,No,One year,No,Mailed check,98.32,3643.64,No
CUST-00896,Female,0,No,No,34,Yes,No,DSL,No,No internet service,No internet service,No internet service,No,No,Two year,No,Credit card (automatic),34.48,1172.32,No
CUST-00897,Female,0,Yes,Yes,0,Yes,No,DSL,No,Yes,No internet service,No,Yes,No internet service,Month-to-month,Yes,Electronic check,41.07,25.8,Yes
CUST-00898,Male,0,Yes,No,49,Yes,No,DSL,No,Yes,Yes,No,No internet service,No internet service,Two year,Yes,Bank transfer (automatic),46.21,2264.29,No
CUST-00899,Male,0,No,No,26,No,No,Fiber optic,No,Yes,No,Yes,No internet service,Yes,Month-to-month,No,Mailed check,106.71,2788.48,No
CUST-00900,Female,0,No,No,55,Yes,No phone service,No,No,No,No,No,No internet service,Yes,Month-to-month,Yes,Credit card (automatic),47.37,2627.98,Yes
CUST-00901,Male,0,Yes,No,8,Yes,Yes,DSL,No,Yes,No,No,Yes,Yes,One year,No,Electronic check,61.42,491.36,Yes
CUST-00902,Male,0,No,Yes,21,Yes,Yes,Fiber optic,No,Yes,No,No,Yes,Yes,Month-to-month,Yes,Credit card (automatic),94.23,1978.83,Yes
CUST-00903,Male,1,No,Yes,3,No,No,Fiber optic,No,No internet service,No internet service,No internet service,No,Yes,One year,Yes,Credit card (automatic),109.01,327.03,Yes
CUST-00904,Female,0,No,No,20,Yes,No,DSL,No,No internet service,Yes,Yes,No internet service,No internet service,Month-to-month,No,Bank transfer (automatic),98.7,1974.0,Yes
CUST-00905,Male,0,No,No,67,No,No,DSL,Yes,No internet service,No,No,Yes,No internet service,Month-to-month,Yes,Mailed check,72.61,4868.0,Yes
CUST-00906,Female,0,Yes,No,35,Yes,No,Fiber optic,No internet service,Yes,Yes,No internet service,No,Yes,One year,Yes,Bank transfer (automatic),18.22,637.7,Yes
CUST-00907,Male,0,Yes,No,32,Yes,No,Fiber optic,No,No,No,No,Yes,No,Month-to-month,No,Electronic check,34.1,1091.2,Yes
CUST-00908,Male,0,Yes,Yes,19,Yes,No,No,No,Yes,No,Yes,No,No internet service,Month-to-month,Yes,Electronic check,43.87,844.47,Yes
CUST-00909,Male,0,Yes,No,19,Yes,Yes,Fiber optic,No,No,No,No internet service,No,Yes,Month-to-month,Yes,Bank transfer (automatic),60.2,1156.15,Yes
CUST-00910,Male,1,No,Yes,48,Yes,No,Fiber optic,No,No,No internet service,No,Yes,No internet service,Two year,Yes,Mailed check,54.94,2637.12,No
CUST-00911,Female,0,No,Yes,71,No,Yes,No,No,No internet service,No,Yes,No,No internet service,Two year,Yes,Mailed check,70.47,5003.37,No
CUST-00912,Male,0,No,No,54,Yes,No,No,Yes,No,No,No,No,No internet service,Month-to-month,Yes,Mailed check,60.03,3265.04,No
CUST-00913,Male,1,Yes,No,53,Yes,No,No,No internet service,Yes,Yes,Yes,No,No,One year,No,Bank transfer (automatic),92.06,4879.18,No
CUST-00914,Female,0,No,No,34,Yes,Yes,DSL,Yes,No,No internet service,No internet service,No internet service,Yes,One year,No,Bank transfer (automatic),23.33,834.47,No
CUST-00915,Female,0,Yes,No,7,No,Yes,No,No internet service,No internet service,No,Yes,Yes,Yes,Month-to-month,Yes,Bank transfer (automatic),119.46,836.22,No
CUST-00916,Male,0,No,No,52,No,Yes,No,No,Yes,No,No internet service,Yes,No internet service,Month-to-month,No,Credit card (automatic),103.99,5410.2,No
CUST-00917,Female,0,Yes,No,59,Yes,No,No,Yes,No internet service,No,Yes,No,Yes,One year,No,Credit card (automatic),52.17,3078.03,No
CUST-00918,Female,0,Yes,No,37,Yes,Yes,Fiber optic,No,Yes,No,No internet service,No,No,Month-to-month,Yes,Mailed check,58.47,2168.26,Yes
CUST-00919,Male,0,Yes,No,6,No,Yes,No,No,Yes,No,Yes,Yes,Yes,Two year,No,Electronic check,116.3,767.33,Yes
CUST-00920,Female,1,No,No,52,Yes,No,Fiber optic,No internet service,No internet service,No,No internet service,No internet service,No,Month-to-month,Yes,Electronic check,113.45,5899.4,Yes
CUST-00921,Female,0,Yes,No,67,Yes,Yes,Fiber optic,No,Yes,Yes,Yes,Yes,Yes,One year,Yes,Bank transfer (automatic),58.1,3918.23,Yes
CUST-00922,Female,0,Yes,Yes,16,Yes,No,Fiber optic,No,No,No internet service,No internet service,Yes,No internet service,Month-to-month,No,Credit card (automatic),24.08,387.09,Yes
CUST-00923,Male,0,Yes,Yes,11,Yes,No,Fiber optic,No,Yes,No internet service,No internet service,No internet service,No,One year,No,Mailed check,118.77,1329.95,Yes
CUST-00924,Male,0,No,No,53,Yes,Yes,Fiber optic,No internet service,No,No,No,No internet service,No,Two year,No,Credit card (automatic),84.68,4488.04,Yes
CUST-00925,Male,0,Yes,No,24,Yes,Yes,DSL,No,No,No internet service,Yes,No,Yes,Month-to-month,Yes,Mailed check,88.69,2167.46,Yes
CUST-00926,Female,0,Yes,No,52,Yes,No phone service,DSL,No,No internet service,No,No,Yes,No,Month-to-month,Yes,Credit card (automatic),46.01,2399.34,No
CUST-00927,Female,0,Yes,Yes,51,Yes,No,Fiber optic,No,No internet service,No,No,Yes,No,One year,Yes,Mailed check,101.51,5177.01,Yes
CUST-00928,Male,0,Yes,No,19,Yes,Yes,Fiber optic,No,No,No internet service,No,Yes,No internet service,Month-to-month,Yes,Electronic check,74.86,1440.41,Yes
CUST-00929,Male,0,No,No,3,Yes,No,Fiber optic,No,No,No,No,No,No internet service,Month-to-month,Yes,Bank transfer (automatic),65.96,200.76,Yes
CUST-00930,Female,0,No,Yes,40,Yes,No,No,No,Yes,No,No internet service,No,No,One year,Yes,Bank transfer (automatic),93.6,3744.0,No
CUST-00931,Female,0,Yes,No,29,Yes,Yes,Fiber optic,No internet service,No,No,No internet service,No,No internet service,Month-to-month,No,Mailed check,55.93,1621.97,No
CUST-00932,Female,0,No,No,62,Yes,No,Fiber optic,No,No,No,No,No,No,Month-to-month,Yes,Mailed check,61.8,3868.12,Yes
CUST-00933,Male,0,Yes,No,26,Yes,No,DSL,No,Yes,Yes,Yes,No,No,Month-to-month,Yes,Bank transfer (automatic),84.54,2198.04,No
CUST-00934,Female,0,No,Yes,18,Yes,Yes,Fiber optic,No,No internet service,No internet service,Yes,Yes,No,Month-to-month,Yes,Bank transfer (automatic),83.24,1498.32,Yes
CUST-00935,Male,0,Yes,No,62,Yes,No,No,No,Yes,Yes,No,Yes,No,Two year,No,Electronic check,117.06,7257.72,Yes
CUST-00936,Female,0,Yes,Yes,53,Yes,Yes,Fiber optic,No,Yes,No,No internet service,No internet service,No,Month-to-month,Yes,Bank transfer (automatic),75.41,4026.02,No
CUST-00937,Male,0,Yes,No,45,Yes,Yes,No,No internet service,No internet service,Yes,No,Yes,No,Month-to-month,Yes,Mailed check,50.74,2283.3,Yes
CUST-00938,Male,0,Yes,No,69,Yes,Yes,No,No,No,No,Yes,Yes,Yes,One year,Yes,Credit card (automatic),47.32,3277.97,No
CUST-00939,Male,0,No,No,57,Yes,No,Fiber optic,No,No,No,No,Yes,No,Two year,Yes,Mailed check,72.47,4130.79,No
CUST-00940,Female,0,No,Yes,63,Yes,No,Fiber optic,No internet service,Yes,No,No,No,Yes,Month-to-month,Yes,Electronic check,30.2,1902.6,Yes
CUST-00941,Female,0,No,No,58,Yes,No phone service,Fiber optic,No,No,No,No internet service,No,No,One year,No,Electronic check,77.99,4541.45,No
CUST-00942,Male,0,Yes,Yes,29,Yes,Yes,Fiber optic,No,No,Yes,No,No,No internet service,One year,Yes,Credit card (automatic),57.81,1698.55,Yes
CUST-00943,Female,0,No,No,4,Yes,No,DSL,No,Yes,Yes,Yes,No,Yes,Month-to-month,Yes,Bank transfer (automatic),53.9,215.6,Yes
CUST-00944,Male,0,Yes,No,44,Yes,No,DSL,Yes,No,Yes,No,No,Yes,Month-to-month,Yes,Electronic check,37.63,1655.72,Yes
CUST-00945,Male,0,No,No,55,Yes,Yes,DSL,Yes,Yes,No,Yes,Yes,No,One year,Yes,Bank transfer (automatic),68.53,3771.09,No
CUST-00946,Male,1,No,No,72,Yes,Yes,Fiber optic,No internet service,Yes,No internet service,No,No internet service,Yes,Month-to-month,No,Electronic check,21.84,1581.38,Yes
CUST-00947,Female,0,Yes,No,49,No,No,DSL,No internet service,Yes,No,No,No internet service,Yes,Month-to-month,No,Credit card (automatic),79.93,3956.0,Yes
CUST-00948,Male,1,Yes,No,41,Yes,Yes,Fiber optic,Yes,Yes,No,Yes,No,No,One year,Yes,Credit card (automatic),47.13,1932.33,No
CUST-00949,Female,0,Yes,No,42,Yes,No,Fiber optic,No internet service,Yes,Yes,No,Yes,Yes,Month-to-month,Yes,Credit card (automatic),110.32,4633.44,Yes
CUST-00950,Male,1,No,No,8,No,No,Fiber optic,No,No,No internet service,No internet service,No internet service,No,Month-to-month,Yes,Mailed check,71.69,573.52,Yes
CUST-00951,Male,1,No,Yes,0,Yes,Yes,No,No internet service,No,No internet service,No internet service,Yes,Yes,Month-to-month,Yes,Electronic check,97.62,0.0,No
CUST-00952,Male,0,Yes,No,3,Yes,No phone service,Fiber optic,No,Yes,No,No,Yes,Yes,Two year,Yes,Mailed check,104.82,314.46,Yes
CUST-00953,Female,0,No,Yes,66,Yes,No,DSL,No internet service,No,Yes,No,No internet service,No,Two year,No,Bank transfer (automatic),107.66,7108.24,No
CUST-00954,Male,1,No,No,57,Yes,No,No,No internet service,Yes,No,No internet service,Yes,No internet service,Month-to-month,No,Mailed check,106.8,6098.15,No
CUST-00955,Female,1,Yes,Yes,18,Yes,No,No,No internet service,No,No internet service,No,Yes,No,Month-to-month,Yes,Mailed check,41.0,738.05,Yes
CUST-00956,Female,1,No,Yes,30,Yes,No,Fiber optic,No,No internet service,Yes,No internet service,No,Yes,Two year,No,Electronic check,48.94,1468.2,No
CUST-00957,Male,0,Yes,No,35,Yes,No,Fiber optic,Yes,No,No,Yes,No,No,One year,Yes,Bank transfer (automatic),90.21,3157.35,No
CUST-00958,Female,0,No,Yes,18,Yes,Yes,DSL,No,No,No internet service,Yes,No,No,One year,Yes,Electronic check,72.84,1316.17,No
CUST-00959,Female,1,Yes,No,30,Yes,No,Fiber optic,No,Yes,No,Yes,Yes,No,Month-to-month,Yes,Credit card (automatic),80.15,2407.9,Yes
CUST-00960,Male,0,No,No,25,No,Yes,DSL,Yes,Yes,No,No internet service,No,Yes,Month-to-month,Yes,Credit card (automatic),87.13,2187.75,Yes
CUST-00961,Male,0,Yes,Yes,50,Yes,No,Fiber optic,No internet service,No,No,No,Yes,Yes,Month-to-month,Yes,Bank transfer (automatic),29.65,1488.97,Yes
CUST-00962,Male,0,Yes,Yes,55,Yes,No,DSL,Yes,No,No internet service,Yes,No internet service,No,Two year,No,Electronic check,35.17,1942.23,No
CUST-00963,Female,0,Yes,No,7,Yes,Yes,Fiber optic,No internet service,No,No,No internet service,Yes,No,Two year,Yes,Bank transfer (automatic),83.06,607.8,Yes
CUST-00964,Male,0,No,Yes,33,Yes,No phone service,DSL,No,No internet service,No internet service,No internet service,Yes,No internet service,Month-to-month,Yes,Credit card (automatic),81.79,2710.51,No
CUST-00965,Female,0,Yes,Yes,72,Yes,Yes,DSL,No internet service,No,No,Yes,No,No,One year,Yes,Bank transfer (automatic),101.38,7308.97,No
CUST-00966,Female,0,No,Yes,63,Yes,Yes,DSL,No internet service,No internet service,No,No,Yes,No,Two year,Yes,Credit card (automatic),88.77,5592.51,Yes
CUST-00967,Female,0,No,No,57,Yes,Yes,Fiber optic,No,No,No internet service,No,No,No,Two year,Yes,Credit card (automatic),39.18,2254.33,No
CUST-00968,Male,1,No,No,53,Yes,No,DSL,No,Yes,No,Yes,Yes,No,Month-to-month,Yes,Credit card (automatic),25.15,1332.95,Yes
CUST-00969,Female,0,No,Yes,0,Yes,Yes,Fiber optic,Yes,Yes,Yes,No,No,No,Month-to-month,Yes,Electronic check,57.88,1.58,Yes
CUST-00970,Male,0,No,No,71,Yes,No,DSL,No internet service,No,Yes,Yes,Yes,Yes,Two year,Yes,Credit card (automatic),55.87,3966.77,No
CUST-00971,Male,0,Yes,No,53,Yes,No,Fiber optic,No internet service,Yes,No internet service,No internet service,No,No internet service,Month-to-month,Yes,Credit card (automatic),96.28,5144.64,No
CUST-00972,Male,1,No,Yes,64,Yes,Yes,DSL,No,No,No,No internet service,Yes,Yes,Month-to-month,No,Bank transfer (automatic),86.49,5535.36,Yes
CUST-00973,Male,0,Yes,No,66,Yes,No phone service,No,Yes,No,Yes,No internet service,Yes,No,Month-to-month,No,Electronic check,106.96,7089.12,No
CUST-00974,Male,0,No,No,18,Yes,Yes,DSL,No,No,No internet service,No,Yes,No,Month-to-month,Yes,Mailed check,69.43,1258.24,Yes
CUST-00975,Male,0,Yes,No,1,Yes,No,DSL,Yes,No,No internet service,Yes,No internet service,No internet service,Month-to-month,No,Credit card (automatic),47.45,47.45,No
CUST-00976,Male,0,No,No,48,Yes,Yes,DSL,No internet service,No,No internet service,No,No,Yes,One year,No,Credit card (automatic),69.43,3373.37,Yes
CUST-00977,Male,0,No,No,33,Yes,No,DSL,Yes,No,No,No,Yes,No internet service,Two year,Yes,Electronic check,39.98,1329.62,No
CUST-00978,Female,1,Yes,Yes,1,No,No,Fiber optic,No internet service,No internet service,No internet service,No,Yes,Yes,Month-to-month,No,Mailed check,24.17,24.17,Yes
CUST-00979,Male,0,No,No,19,No,Yes,DSL,No internet service,Yes,No internet service,No,Yes,Yes,Two year,Yes,Bank transfer (automatic),68.97,1310.43,No
CUST-00980,Female,0,Yes,No,72,Yes,Yes,No,No internet service,No internet service,Yes,No,Yes,No internet service,Two year,No,Electronic check,60.19,4344.37,No
CUST-00981,Female,1,Yes,No,26,Yes,Yes,Fiber optic,No,Yes,No internet service,Yes,No,Yes,Two year,Yes,Electronic check,21.29,587.8,Yes
CUST-00982,Female,0,No,Yes,19,Yes,Yes,DSL,Yes,Yes,No,No,No,No,One year,Yes,Bank transfer (automatic),91.57,1739.83,No
CUST-00983,Female,1,No,No,47,No,No phone service,Fiber optic,No internet service,No,No internet service,No,No internet service,No,Two year,No,Bank transfer (automatic),83.72,3934.84,Yes
CUST-00984,Female,0,Yes,Yes,48,No,No,DSL,No,Yes,No,No,No internet service,No internet service,One year,No,Electronic check,25.53,1254.62,No
CUST-00985,Female,0,No,No,24,Yes,No,DSL,No internet service,Yes,No,No,Yes,No,Month-to-month,Yes,Mailed check,90.42,2180.04,Yes
CUST-00986,Female,1,No,No,61,Yes,No phone service,DSL,No,Yes,Yes,No,Yes,Yes,Two year,No,Bank transfer (automatic),26.45,1613.45,No
CUST-00987,Female,0,No,No,42,No,No,DSL,Yes,No,Yes,No,Yes,No internet service,Month-to-month,No,Credit card (automatic),70.8,2980.45,Yes
CUST-00988,Male,0,No,Yes,11,No,No,DSL,No internet service,No,Yes,No,Yes,Yes,Two year,No,Credit card (automatic),81.47,905.14,No
CUST-00989,Male,1,Yes,No,23,Yes,Yes,No,No internet service,Yes,No,No,No,No,Month-to-month,No,Mailed check,68.9,1584.7,No
CUST-00990,Female,0,Yes,Yes,61,Yes,Yes,Fiber optic,Yes,No,No internet service,No,Yes,No,Month-to-month,No,Bank transfer (automatic),94.24,5748.64,Yes
CUST-00991,Male,0,No,Yes,6,Yes,Yes,No,No,Yes,Yes,No,Yes,No,Two year,Yes,Bank transfer (automatic),57.33,343.98,No
CUST-00992,Female,0,No,No,0,No,Yes,DSL,Yes,No internet service,Yes,Yes,Yes,No,One year,No,Electronic check,39.72,0.0,No
CUST-00993,Male,0,Yes,No,47,Yes,Yes,No,No,Yes,No,No,No,No internet service,Month-to-month,Yes,Bank transfer (automatic),67.61,3184.76,Yes
CUST-00994,Male,0,No,No,32,Yes,Yes,Fiber optic,No,No,Yes,Yes,Yes,No,Two year,No,Electronic check,52.91,1708.89,Yes
CUST-00995,Female,0,No,No,18,Yes,Yes,DSL,No,No,Yes,No internet service,No internet service,No internet service,Month-to-month,No,Electronic check,33.43,601.74,Yes
CUST-00996,Female,0,No,Yes,34,Yes,No,No,Yes,No,Yes,No internet service,No,Yes,Month-to-month,No,Mailed check,66.05,2250.82,Yes
CUST-00997,Female,0,Yes,Yes,13,Yes,Yes,DSL,Yes,No internet service,No,No,Yes,Yes,One year,Yes,Mailed check,38.55,510.91,Yes
CUST-00998,Male,0,Yes,No,27,Yes,Yes,Fiber optic,No,No,No,No internet service,No,No,Month-to-month,Yes,Electronic check,65.97,1784.57,No
CUST-00999,Female,1,Yes,No,17,Yes,Yes,No,Yes,No,No internet service,No,No,Yes,Month-to-month,Yes,Electronic check,78.44,1333.48,No
CUST-01000,Female,0,No,No,42,No,No,Fiber optic,No,No,Yes,Yes,No,No,Month-to-month,Yes,Bank transfer (automatic),97.78,4135.16,Yes
CUST-01001,Female,1,No,Yes,49,Yes,No,Fiber optic,No,No,Yes,No,No,No,Month-to-month,No,Electronic check,105.02,5172.87,Yes
CUST-01002,Female,0,Yes,No,66,Yes,No,Fiber optic,No,No,No internet service,No internet service,Yes,No,Two year,No,Credit card (automatic),86.15,5685.9,Yes
CUST-01003,Female,1,No,No,4,Yes,Yes,DSL,No,Yes,No internet service,Yes,Yes,Yes,Month-to-month,No,Electronic check,109.14,436.56,Yes
CUST-01004,Female,0,No,Yes,23,Yes,Yes,No,Yes,Yes,No,Yes,Yes,Yes,One year,Yes,Bank transfer (automatic),74.89,1737.91,No
CUST-01005,Male,0,Yes,Yes,19,Yes,Yes,DSL,Yes,Yes,No internet service,No,No,Yes,One year,No,Electronic check,90.46,1744.39,Yes
CUST-01006,Female,1,Yes,No,42,Yes,Yes,DSL,No internet service,No internet service,No,No,No,Yes,Month-to-month,No,Bank transfer (automatic),96.58,4056.36,No
CUST-01007,Female,0,No,No,38,Yes,Yes,DSL,No internet service,No,No internet service,No,No,Yes,Two year,No,Electronic check,102.13,3880.94,No
CUST-01008,Female,0,No,No,64,Yes,No phone service,No,No internet service,Yes,No,No,No internet service,No internet service,Month-to-month,Yes,Mailed check,94.69,6065.64,No
CUST-01009,Female,0,No,No,67,Yes,Yes,Fiber optic,No internet service,No,Yes,No,No,Yes,Month-to-month,No,Bank transfer (automatic),110.05,7373.35,No
CUST-01010,Female,0,No,No,56,Yes,Yes,Fiber optic,No,No,Yes,Yes,No internet service,No internet service,Two year,Yes,Electronic check,66.23,3708.88,Yes
CUST-01011,Male,0,Yes,Yes,14,No,No,No,No internet service,No,No,No,No,No internet service,Two year,Yes,Electronic check,115.26,1613.64,No
CUST-01012,Female,0,No,No,2,Yes,No,DSL,No,No,No internet service,No internet service,No,Yes,Month-to-month,No,Bank transfer (automatic),58.83,126.0,Yes
CUST-01013,Male,0,No,Yes,65,Yes,Yes,No,No,No,No,No,No,No internet service,Two year,No,Bank transfer (automatic),25.16,1666.47,Yes
CUST-01014,Male,0,Yes,No,68,Yes,Yes,DSL,No internet service,Yes,Yes,No,Yes,Yes,Two year,Yes,Mailed check,36.58,2487.44,Yes
CUST-01015,Female,0,Yes,Yes,18,Yes,No phone service,Fiber optic,No internet service,No,Yes,Yes,Yes,No,Month-to-month,No,Electronic check,74.94,1348.92,Yes
CUST-01016,Female,0,No,Yes,3,Yes,Yes,DSL,No,Yes,No,Yes,No,No internet service,One year,No,Mailed check,19.49,61.58,Yes
CUST-01017,Male,0,No,No,49,Yes,No,No,No,Yes,No internet service,No,Yes,No internet service,Month-to-month,Yes,Electronic check,34.05,1668.45,Yes
CUST-01018,Male,0,No,No,42,Yes,No,No,No,No,No,No,Yes,Yes,Month-to-month,Yes,Bank transfer (automatic),56.16,2358.72,Yes
CUST-01019,Male,0,Yes,No,64,Yes,Yes,Fiber optic,No,No,No,No,No internet service,Yes,Month-to-month,Yes,Mailed check,81.68,5234.22,No
CUST-01020,Male,0,Yes,No,42,Yes,No,DSL,No internet service,No internet service,No,No,No,Yes,Month-to-month,No,Mailed check,34.89,1465.38,Yes
CUST-01021,Male,0,No,No,55,Yes,Yes,DSL,No,Yes,No internet service,No internet service,Yes,No internet service,One year,No,Mailed check,76.64,4215.2,No
CUST-01022,Male,0,No,No,57,Yes,Yes,Fiber optic,Yes,No,No internet service,No internet service,Yes,Yes,Month-to-month,Yes,Electronic check,85.64,4881.48,Yes
CUST-01023,Female,0,No,No,0,No,Yes,DSL,No,No internet service,Yes,Yes,No internet service,No,Month-to-month,Yes,Credit card (automatic),95.89,6.45,Yes
CUST-01024,Female,0,No,No,10,Yes,No phone service,DSL,No,No,No,Yes,No internet service,Yes,Month-to-month,Yes,Mailed check,85.37,853.7,Yes
CUST-01025,Female,0,Yes,No,56,Yes,Yes,Fiber optic,No,No internet service,No internet service,No internet service,No,Yes,Month-to-month,Yes,Bank transfer (automatic),43.51,2436.56,Yes
CUST-01026,Male,0,No,No,13,Yes,Yes,Fiber optic,No,No internet service,No internet service,No,Yes,No,One year,No,Mailed check,119.73,1556.49,No
CUST-01027,Male,0,Yes,No,15,Yes,No phone service,No,No,No internet service,No,No,Yes,Yes,Month-to-month,Yes,Electronic check,108.6,1629.0,No
CUST-01028,Male,0,No,No,54,Yes,Yes,Fiber optic,No,No internet service,Yes,Yes,Yes,No,Month-to-month,Yes,Bank transfer (automatic),56.1,3045.17,Yes
CUST-01029,Female,0,Yes,No,14,No,No,DSL,No,No,No,No,No,No,Month-to-month,Yes,Bank transfer (automatic),20.98,293.72,No
CUST-01030,Male,0,No,Yes,10,Yes,No,Fiber optic,No,No,No,Yes,No,No,Month-to-month,No,Electronic check,71.93,752.68,Yes
CUST-01031,Male,0,No,Yes,0,Yes,No,DSL,No,No internet service,Yes,Yes,No,No,One year,Yes,Credit card (automatic),106.25,0.0,No
CUST-01032,Male,0,No,No,34,Yes,No,Fiber optic,No,No internet service,No internet service,No,Yes,Yes,Month-to-month,Yes,Credit card (automatic),101.84,3481.92,Yes
CUST-01033,Female,0,No,Yes,46,Yes,No,Fiber optic,Yes,Yes,Yes,No,No internet service,No,One year,Yes,Credit card (automatic),109.55,5055.2,No
CUST-01034,Male,0,No,No,53,Yes,Yes,DSL,No,Yes,No internet service,Yes,No,No,One year,No,Mailed check,116.89,6195.17,No
CUST-01035,Male,0,No,No,66,Yes,No phone service,DSL,No,Yes,No,No,No,No,Month-to-month,Yes,Bank transfer (automatic),90.73,5988.18,No
CUST-01036,Female,0,Yes,Yes,47,Yes,No phone service,No,No,No internet service,Yes,No,No,Yes,Month-to-month,Yes,Electronic check,34.56,1624.32,No
CUST-01037,Female,1,Yes,No,55,Yes,No,Fiber optic,No internet service,Yes,No,No,No,Yes,Month-to-month,Yes,Bank transfer (automatic),21.71,1194.05,Yes
CUST-01038,Male,0,No,Yes,15,Yes,No,Fiber optic,No,Yes,No,No,No internet service,No internet service,Month-to-month,Yes,Electronic check,33.44,501.6,Yes
CUST-01039,Male,0,No,No,24,Yes,No,Fiber optic,No internet service,No,No internet service,Yes,No,No internet service,Month-to-month,No,Credit card (automatic),38.51,927.36,Yes
CUST-01040,Female,0,No,No,22,Yes,No,Fiber optic,No,Yes,No,No,No internet service,Yes,Two year,No,Credit card (automatic),24.26,533.72,Yes
CUST-01041,Female,0,No,Yes,4,Yes,Yes,DSL,No,No internet service,Yes,No internet service,No,Yes,Month-to-month,Yes,Electronic check,64.25,257.0,Yes
CUST-01042,Female,0,No,Yes,70,Yes,No,No,No internet service,No,No internet service,Yes,Yes,Yes,Month-to-month,No,Bank transfer (automatic),97.96,6857.2,Yes
CUST-01043,Male,0,No,No,17,Yes,No,No,No,Yes,No,No internet service,Yes,No,Two year,No,Bank transfer (automatic),18.43,313.31,No
CUST-01044,Male,1,No,No,32,Yes,No,DSL,No internet service,Yes,Yes,Yes,Yes,Yes,Two year,Yes,Credit card (automatic),99.97,3199.04,No
CUST-01045,Female,1,No,Yes,26,No,Yes,DSL,No internet service,No internet service,No internet service,No,No internet service,No internet service,Month-to-month,Yes,Mailed check,112.38,2921.88,Yes
CUST-01046,Male,0,Yes,No,3,Yes,No,Fiber optic,Yes,No,Yes,No,Yes,Yes,Month-to-month,No,Credit card (automatic),33.5,103.21,No
CUST-01047,Male,0,No,Yes,65,Yes,No,Fiber optic,No internet service,No,Yes,No internet service,Yes,No internet service,Month-to-month,No,Mailed check,20.18,1311.7,No
CUST-01048,Female,0,Yes,No,16,No,No,Fiber optic,No internet service,Yes,No,Yes,Yes,Yes,Two year,Yes,Mailed check,66.9,1070.5,Yes
CUST-01049,Female,0,No,Yes,7,Yes,No phone service,Fiber optic,No,No internet service,No,Yes,No,Yes,One year,Yes,Bank transfer (automatic),106.59,746.13,Yes
CUST-01050,Male,0,No,No,24,Yes,No,Fiber optic,Yes,No,No,No,No internet service,Yes,Month-to-month,No,Bank transfer (automatic),93.16,2235.84,Yes
CUST-01051,Female,1,No,Yes,10,Yes,Yes,Fiber optic,No,No,No internet service,No,No internet service,Yes,Month-to-month,Yes,Electronic check,21.54,256.22,Yes
CUST-01052,Male,0,Yes,No,72,Yes,Yes,DSL,No internet service,No,Yes,No,Yes,No internet service,Month-to-month,Yes,Bank transfer (automatic),86.67,6240.24,Yes
CUST-01053,Female,0,No,No,13,No,No,DSL,No internet service,No internet service,No internet service,No internet service,No,No,One year,Yes,Mailed check,101.41,1318.33,No
CUST-01054,Female,1,Yes,Yes,22,Yes,Yes,Fiber optic,No internet service,No,Yes,Yes,Yes,Yes,Month-to-month,No,Credit card (automatic),45.65,1011.14,Yes
CUST-01055,Male,0,No,No,19,No,No,No,No,No,Yes,No internet service,No internet service,No internet service,Month-to-month,No,Credit card (automatic),84.65,1608.35,No
CUST-01056,Female,0,Yes,Yes,1,Yes,Yes,Fiber optic,Yes,No internet service,Yes,Yes,Yes,Yes,Month-to-month,Yes,Mailed check,68.38,73.26,Yes
CUST-01057,Male,1,Yes,No,0,Yes,Yes,Fiber optic,No,No internet service,Yes,No internet service,No internet service,Yes,Two year,Yes,Credit card (automatic),38.97,0.0,No
CUST-01058,Female,0,No,No,37,Yes,Yes,No,No,No,No,No internet service,No internet service,Yes,Month-to-month,Yes,Credit card (automatic),109.95,4079.15,No
CUST-01059,Male,0,No,No,16,Yes,No,Fiber optic,Yes,No,No internet service,No,No,No,Two year,No,Bank transfer (automatic),40.75,652.0,No
CUST-01060,Male,0,Yes,Yes,6,Yes,No phone service,Fiber optic,Yes,No,No internet service,No internet service,No,No internet service,Month-to-month,Yes,Bank transfer (automatic),103.73,622.38,Yes
CUST-01061,Female,1,Yes,Yes,21,Yes,No,DSL,Yes,No,No,No internet service,Yes,Yes,Month-to-month,Yes,Credit card (automatic),89.57,1903.93,Yes
CUST-01062,Female,0,Yes,Yes,20,Yes,No,Fiber optic,Yes,Yes,Yes,Yes,Yes,No,Month-to-month,Yes,Credit card (automatic),40.53,810.6,No
CUST-01063,Male,0,No,No,30,Yes,No,Fiber optic,No,No,No internet service,Yes,No,Yes,Month-to-month,Yes,Mailed check,90.55,2716.5,No
CUST-01064,Female,0,Yes,Yes,72,Yes,Yes,No,No,No,No,Yes,Yes,Yes,Month-to-month,Yes,Electronic check,20.65,1486.8,Yes
CUST-01065,Female,0,Yes,No,22,No,No,DSL,No,No,No,No,No,No,Month-to-month,No,Bank transfer (automatic),42.1,926.2,No
CUST-01066,Male,1,Yes,No,51,Yes,No phone service,Fiber optic,No,No internet service,No,No,No,No,Month-to-month,No,Mailed check,47.11,2402.61,No
CUST-01067,Female,0,Yes,No,56,Yes,Yes,DSL,No internet service,Yes,Yes,No,No internet service,No,Month-to-month,Yes,Mailed check,108.7,6087.2,No
CUST-01068,Female,1,Yes,No,3,Yes,No phone service,No,No,No internet service,No,No,No internet service,Yes,Two year,No,Electronic check,111.37,353.6,No
CUST-01069,Male,0,No,Yes,36,Yes,Yes,DSL,No,Yes,No internet service,No,Yes,Yes,Month-to-month,No,Bank transfer (automatic),45.64,1643.04,Yes
CUST-01070,Male,0,No,No,32,No,Yes,Fiber optic,No,Yes,Yes,Yes,Yes,No,Two year,No,Credit card (automatic),66.42,2125.44,No
CUST-01071,Female,1,Yes,Yes,37,Yes,No,Fiber optic,No,Yes,No,Yes,No,No,Two year,No,Bank transfer (automatic),118.13,4370.81,No
CUST-01072,Male,0,No,No,12,Yes,No phone service,DSL,No,No,No internet service,No internet service,Yes,No,One year,No,Electronic check,85.93,1031.16,No
CUST-01073,Female,0,No,No,33,Yes,Yes,Fiber optic,No,No,No,No,No,Yes,Month-to-month,Yes,Electronic check,25.11,846.45,Yes
CUST-01074,Female,1,Yes,No,8,Yes,No,DSL,No,Yes,No,No,No,No,One year,Yes,Bank transfer (automatic),57.93,487.64,No
CUST-01075,Male,0,No,No,69,No,Yes,Fiber optic,No,No,No,Yes,No,Yes,Two year,Yes,Electronic check,60.99,4208.31,No
CUST-01076,Male,0,No,Yes,42,Yes,No,No,No,No,No internet service,No internet service,No,No,Month-to-month,Yes,Electronic check,49.25,2100.9,No
CUST-01077,Female,1,No,No,2,Yes,No,Fiber optic,Yes,Yes,No,Yes,No internet service,No,Month-to-month,No,Electronic check,71.03,142.06,Yes
CUST-01078,Male,0,Yes,Yes,36,Yes,Yes,No,No,No,No,No,No,Yes,Month-to-month,Yes,Electronic check,93.07,3350.52,Yes
CUST-01079,Male,0,Yes,No,67,No,No,DSL,No,Yes,Yes,Yes,No internet service,No,Month-to-month,No,Mailed check,88.53,5940.97,No
CUST-01080,Female,0,Yes,No,54,No,No,Fiber optic,No,Yes,No internet service,Yes,No internet service,No,Month-to-month,No,Mailed check,53.86,2919.68,No
CUST-01081,Female,0,Yes,Yes,19,Yes,No,No,No,Yes,No internet service,No,No,No,Month-to-month,Yes,Electronic check,93.14,1769.66,Yes
CUST-01082,Female,0,No,No,65,Yes,Yes,No,Yes,No,No,No,Yes,No internet service,One year,No,Credit card (automatic),72.48,4711.2,No
CUST-01083,Female,0,No,No,13,Yes,Yes,DSL,No,No,No internet service,No,No internet service,No,Month-to-month,No,Credit card (automatic),96.49,1277.82,Yes
CUST-01084,Female,0,No,Yes,18,Yes,No phone service,Fiber optic,No,No internet service,No,Yes,Yes,Yes,Month-to-month,Yes,Mailed check,29.62,533.16,Yes
CUST-01085,Male,0,No,No,11,Yes,No,No,No,No,No internet service,No internet service,No,Yes,Two year,No,Mailed check,59.29,652.19,No
CUST-01086,Female,0,No,No,67,Yes,No,Fiber optic,No,No,Yes,No,No,No,Month-to-month,Yes,Credit card (automatic),58.25,3936.63,No
CUST-01087,Female,0,Yes,No,52,No,No,Fiber optic,Yes,Yes,Yes,No internet service,Yes,Yes,Month-to-month,Yes,Credit card (automatic),53.88,2801.76,Yes
CUST-01088,Female,0,Yes,No,37,Yes,No,DSL,Yes,Yes,No internet service,Yes,Yes,No,Month-to-month,Yes,Credit card (automatic),89.2,3300.4,Yes
CUST-01089,Female,0,Yes,No,48,Yes,Yes,DSL,No,No,No,No,Yes,Yes,Month-to-month,Yes,Bank transfer (automatic),74.83,3612.34,Yes
CUST-01090,Male,0,Yes,Yes,18,Yes,No,Fiber optic,Yes,Yes,No,No,No internet service,Yes,Month-to-month,Yes,Credit card (automatic),57.36,1043.04,No
CUST-01091,Female,0,No,No,5,Yes,No,Fiber optic,No,Yes,No,No,No,Yes,Month-to-month,No,Bank transfer (automatic),72.7,381.38,Yes
CUST-01092,Male,1,Yes,No,61,Yes,Yes,DSL,No,No internet service,No,No,No internet service,No internet service,Two year,No,Bank transfer (automatic),89.85,5480.85,No
CUST-01093,Female,0,Yes,No,70,Yes,Yes,DSL,No internet service,Yes,No,No,No internet service,No,Two year,Yes,Electronic check,86.86,6086.62,No
CUST-01094,Male,0,Yes,No,2,No,No,Fiber optic,No,Yes,No,Yes,No,No,Month-to-month,Yes,Bank transfer (automatic),95.59,191.18,Yes
CUST-01095,Male,1,No,No,3,Yes,No,Fiber optic,Yes,No internet service,No,Yes,No,Yes,Two year,Yes,Mailed check,104.85,360.0,No
CUST-01096,Male,0,No,No,40,Yes,No,Fiber optic,No,Yes,Yes,Yes,No,No internet service,One year,Yes,Bank transfer (automatic),93.42,3752.99,No
CUST-01097,Female,0,Yes,No,3,Yes,Yes,Fiber optic,No internet service,No,Yes,No internet service,Yes,No internet service,Two year,Yes,Bank transfer (automatic),36.37,109.11,Yes
CUST-01098,Female,0,Yes,No,52,Yes,No phone service,DSL,Yes,Yes,No,Yes,No internet service,No,Month-to-month,Yes,Electronic check,104.35,5431.92,No
CUST-01099,Male,0,Yes,No,69,Yes,Yes,No,No internet service,No,No,Yes,No internet service,No,One year,No,Mailed check,51.87,3580.12,No
CUST-01100,Male,0,No,No,20,No,Yes,Fiber optic,No,No internet service,No,No,Yes,No internet service,Month-to-month,No,Bank transfer (automatic),85.93,1732.58,Yes
CUST-01101,Male,0,Yes,No,21,Yes,No phone service,DSL,Yes,No,No,Yes,No internet service,Yes,Month-to-month,Yes,Electronic check,119.08,2500.68,Yes
CUST-01102,Male,0,No,Yes,63,Yes,No,Fiber optic,Yes,No,No,No internet service,Yes,Yes,Two year,No,Credit card (automatic),48.05,3054.45,No
CUST-01103,Female,0,No,Yes,26,Yes,No phone service,Fiber optic,No internet service,Yes,Yes,No,No internet service,No,Month-to-month,No,Credit card (automatic),45.56,1184.56,Yes
CUST-01104,Male,1,No,No,17,Yes,No,Fiber optic,No internet service,No,No,No internet service,No,No,Month-to-month,Yes,Electronic check,36.58,625.96,Yes
CUST-01105,Male,0,Yes,No,6,Yes,No,Fiber optic,No internet service,No,Yes,No,Yes,No,Month-to-month,Yes,Electronic check,118.38,710.28,Yes
CUST-01106,Male,0,Yes,No,61,Yes,Yes,Fiber optic,No,Yes,No,No,No internet service,No,Two year,Yes,Electronic check,61.55,3755.41,Yes
CUST-01107,Male,0,Yes,Yes,67,Yes,Yes,Fiber optic,No,Yes,Yes,No,No,Yes,Month-to-month,Yes,Mailed check,97.95,6582.41,Yes
CUST-01108,Female,1,No,Yes,5,Yes,No phone service,DSL,Yes,No,No,No,Yes,Yes,Month-to-month,Yes,Bank transfer (automatic),23.02,115.1,Yes
CUST-01109,Female,0,Yes,No,58,Yes,No,DSL,No,No internet service,No,No,No internet service,No,One year,Yes,Electronic check,36.4,2111.2,No
CUST-01110,Male,0,Yes,No,11,Yes,Yes,DSL,No,No internet service,No internet service,Yes,No,Yes,Month-to-month,Yes,Credit card (automatic),24.44,268.84,Yes
CUST-01111,Female,0,Yes,Yes,10,Yes,Yes,Fiber optic,No internet service,No internet service,No,No internet service,No,Yes,Month-to-month,Yes,Mailed check,101.19,1011.9,No
CUST-01112,Male,0,No,No,27,Yes,Yes,Fiber optic,No,No,No internet service,No,No,Yes,One year,Yes,Mailed check,28.87,779.49,No
CUST-01113,Male,0,No,No,31,No,Yes,Fiber optic,No,No,No,No,Yes,No internet service,Two year,Yes,Bank transfer (automatic),112.16,3480.2,Yes
CUST-01114,Male,0,Yes,No,62,Yes,No,DSL,Yes,No internet service,No,No,Yes,Yes,One year,Yes,Credit card (automatic),85.7,5313.4,No
CUST-01115,Male,0,No,Yes,51,Yes,Yes,Fiber optic,No,Yes,Yes,No,No,Yes,Month-to-month,Yes,Electronic check,110.77,5664.21,Yes
CUST-01116,Male,1,No,No,10,No,No,DSL,Yes,No,Yes,No,Yes,No,Month-to-month,Yes,Mailed check,59.7,621.57,Yes
CUST-01117,Female,0,No,No,42,Yes,No phone service,Fiber optic,No internet service,Yes,Yes,No,No,Yes,Two year,Yes,Mailed check,71.62,3008.25,No
CUST-01118,Female,0,No,No,63,Yes,No,Fiber optic,Yes,No internet service,Yes,Yes,No internet service,No,Month-to-month,No,Mailed check,20.81,1328.9,No
CUST-01119,Female,0,Yes,Yes,48,Yes,No,DSL,No,No internet service,No,No,No internet service,Yes,One year,Yes,Mailed check,65.52,3172.61,No
CUST-01120,Male,0,No,No,16,Yes,Yes,DSL,Yes,No internet service,No,Yes,No,No internet service,Month-to-month,No,Credit card (automatic),78.25,1252.0,No
CUST-01121,Male,0,No,No,9,Yes,Yes,Fiber optic,No,Yes,No,No internet service,No,Yes,Two year,No,Electronic check,28.26,283.04,Yes
CUST-01122,Male,0,No,No,33,Yes,Yes,Fiber optic,Yes,No internet service,Yes,No,No internet service,Yes,Month-to-month,Yes,Mailed check,118.09,3896.97,Yes
CUST-01123,Male,0,No,No,34,Yes,Yes,DSL,No,Yes,No,No internet service,No internet service,Yes,Two year,Yes,Mailed check,18.45,627.3,No
CUST-01124,Male,0,No,No,25,Yes,Yes,No,No,Yes,Yes,No,Yes,No internet service,Month-to-month,No,Bank transfer (automatic),45.28,1137.97,No
CUST-01125,Female,0,Yes,No,7,No,Yes,No,No,No,No,No,No,No internet service,One year,Yes,Credit card (automatic),80.79,565.53,No
CUST-01126,Female,0,No,Yes,8,Yes,Yes,No,No internet service,No internet service,No,No internet service,Yes,Yes,Month-to-month,No,Credit card (automatic),68.76,550.08,No
CUST-01127,Female,0,No,No,38,Yes,Yes,DSL,No,No internet service,Yes,Yes,Yes,Yes,Month-to-month,No,Mailed check,42.4,1611.2,Yes
CUST-01128,Female,0,Yes,Yes,68,Yes,No phone service,Fiber optic,No,Yes,Yes,No,Yes,Yes,Month-to-month,Yes,Mailed check,118.65,8100.95,No
CUST-01129,Female,0,Yes,No,43,Yes,Yes,DSL,No internet service,No,No internet service,Yes,No,Yes,Month-to-month,Yes,Credit card (automatic),37.27,1608.18,Yes
CUST-01130,Female,0,No,No,31,Yes,Yes,No,No,No,No,Yes,No internet service,Yes,Month-to-month,No,Electronic check,75.97,2384.71,No
CUST-01131,Male,0,Yes,Yes,67,Yes,No,Fiber optic,No internet service,Yes,No,No,No internet service,No internet service,Month-to-month,Yes,Electronic check,29.82,1997.94,Yes
CUST-01132,Female,0,No,Yes,50,No,Yes,DSL,No internet service,No internet service,Yes,No,No,Yes,Two year,Yes,Credit card (automatic),23.73,1186.5,No
CUST-01133,Female,1,No,Yes,52,Yes,No,DSL,No internet service,Yes,Yes,No internet service,No,No internet service,Two year,No,Credit card (automatic),67.76,3523.52,No
CUST-01134,Female,1,No,No,41,Yes,No,No,No,Yes,No,Yes,Yes,Yes,One year,Yes,Bank transfer (automatic),100.08,4122.64,Yes
CUST-01135,Female,0,Yes,No,55,Yes,No,No,No,No,No internet service,No,Yes,No internet service,Month-to-month,No,Mailed check,72.19,3978.66,Yes
CUST-01136,Male,0,Yes,No,36,Yes,Yes,Fiber optic,No,No,Yes,Yes,Yes,No,Month-to-month,No,Credit card (automatic),47.95,1726.2,No
CUST-01137,Female,0,No,Yes,45,Yes,No,Fiber optic,No,No internet service,Yes,Yes,No internet service,Yes,Month-to-month,Yes,Credit card (automatic),19.71,886.95,Yes
CUST-01138,Male,0,No,Yes,45,Yes,No,Fiber optic,No internet service,Yes,No internet service,Yes,Yes,No internet service,Month-to-month,Yes,Credit card (automatic),113.93,5149.39,No
CUST-01139,Female,0,Yes,Yes,54,Yes,Yes,No,Yes,Yes,No,No,No,Yes,One year,Yes,Credit card (automatic),39.61,2138.94,No
CUST-01140,Female,1,Yes,No,65,Yes,Yes,Fiber optic,No internet service,No internet service,Yes,No,Yes,No internet service,Two year,No,Bank transfer (automatic),76.61,4979.65,No
CUST-01141,Female,1,Yes,No,21,Yes,Yes,Fiber optic,No,No,No,Yes,No,No,Month-to-month,Yes,Mailed check,19.58,411.18,Yes
CUST-01142,Male,0,No,No,51,Yes,No,Fiber optic,Yes,No,No,Yes,No internet service,No internet service,Month-to-month,Yes,Mailed check,27.91,1423.41,Yes
CUST-01143,Female,0,No,No,2,Yes,Yes,No,No,Yes,No internet service,No,No internet service,No internet service,Month-to-month,No,Bank transfer (automatic),35.36,81.72,Yes
CUST-01144,Female,0,Yes,No,38,Yes,Yes,DSL,No internet service,No internet service,Yes,No internet service,Yes,Yes,Month-to-month,Yes,Mailed check,29.46,1119.48,No
CUST-01145,Male,0,Yes,No,65,Yes,No,Fiber optic,No,No,No internet service,Yes,No internet service,No,Month-to-month,Yes,Credit card (automatic),72.14,4690.71,No
CUST-01146,Male,1,Yes,No,47,Yes,No phone service,DSL,No internet service,Yes,Yes,No,Yes,No,Month-to-month,No,Electronic check,58.5,2768.61,Yes
CUST-01147,Female,0,No,No,19,Yes,Yes,Fiber optic,No,Yes,No internet service,No,No internet service,Yes,Month-to-month,Yes,Electronic check,99.73,1894.87,Yes
CUST-01148,Female,1,Yes,No,44,Yes,Yes,Fiber optic,No internet service,Yes,No internet service,No,Yes,No,Month-to-month,Yes,Mailed check,29.85,1334.48,Yes
CUST-01149,Female,0,Yes,No,26,Yes,Yes,DSL,No,Yes,No internet service,Yes,No,Yes,One year,Yes,Electronic check,61.97,1638.03,Yes
CUST-01150,Female,0,Yes,Yes,31,Yes,No,Fiber optic,No internet service,Yes,No internet service,No internet service,No,No,Two year,Yes,Credit card (automatic),61.68,1930.15,Yes
CUST-01151,Male,0,No,No,16,Yes,No,DSL,Yes,Yes,No,No,No internet service,Yes,Month-to-month,Yes,Credit card (automatic),41.54,664.64,No
CUST-01152,Female,0,Yes,Yes,45,Yes,No,No,No,Yes,Yes,No,No internet service,Yes,Month-to-month,Yes,Credit card (automatic),27.79,1250.55,Yes
CUST-01153,Male,0,Yes,No,14,Yes,Yes,No,No internet service,No,Yes,No internet service,Yes,No internet service,Month-to-month,No,Mailed check,19.09,274.18,No
CUST-01154,Female,0,No,Yes,32,Yes,Yes,Fiber optic,Yes,No,No,No internet service,No internet service,No internet service,Two year,Yes,Credit card (automatic),19.92,637.44,No
CUST-01155,Male,0,Yes,Yes,68,Yes,Yes,Fiber optic,No,No,No,No,Yes,Yes,Month-to-month,Yes,Electronic check,58.66,3988.88,Yes
CUST-01156,Female,1,Yes,Yes,55,No,Yes,DSL,No,No internet service,Yes,No internet service,Yes,Yes,One year,No,Credit card (automatic),23.54,1294.7,Yes
CUST-01157,Male,0,No,No,30,Yes,No,No,No,Yes,No,Yes,Yes,No,Month-to-month,Yes,Electronic check,58.24,1798.07,Yes
CUST-01158,Female,0,No,No,70,Yes,No,Fiber optic,No internet service,No internet service,No,No,Yes,Yes,Two year,No,Electronic check,62.62,4383.4,No
CUST-01159,Male,0,Yes,No,1,Yes,Yes,DSL,No,No internet service,No internet service,No,Yes,No,Month-to-month,Yes,Credit card (automatic),63.43,84.8,Yes
CUST-01160,Male,0,Yes,No,70,Yes,No,No,No internet service,No internet service,No,No internet service,No,No,Month-to-month,Yes,Bank transfer (automatic),37.55,2628.5,No
CUST-01161,Female,0,Yes,No,25,Yes,Yes,DSL,No,Yes,No,No,Yes,Yes,Month-to-month,Yes,Mailed check,68.87,1755.79,No
CUST-01162,Male,0,No,No,59,Yes,No,Fiber optic,No,Yes,No,Yes,No,Yes,Month-to-month,Yes,Electronic check,58.02,3423.18,Yes
CUST-01163,Female,0,No,Yes,69,Yes,Yes,DSL,No internet service,No,No internet service,No,Yes,Yes,Month-to-month,No,Mailed check,118.93,8207.23,Yes
CUST-01164,Female,0,No,No,43,Yes,No,Fiber optic,No,Yes,No,No,No,Yes,Two year,No,Bank transfer (automatic),22.63,973.09,No
CUST-01165,Female,1,No,No,44,Yes,Yes,DSL,Yes,Yes,Yes,No,Yes,No,One year,Yes,Electronic check,23.5,1056.33,Yes
CUST-01166,Male,0,Yes,No,54,Yes,No phone service,DSL,No,Yes,Yes,No,Yes,Yes,Two year,Yes,Credit card (automatic),102.1,5540.06,No
CUST-01167,Male,1,No,No,17,Yes,No phone service,Fiber optic,No,No,No internet service,Yes,No,No internet service,Two year,Yes,Bank transfer (automatic),45.13,767.21,Yes
CUST-01168,Male,0,No,No,12,No,No,No,No,No internet service,No,Yes,No internet service,No,Month-to-month,Yes,Credit card (automatic),36.75,464.5,Yes
CUST-01169,Female,0,Yes,Yes,25,Yes,No,DSL,No,Yes,No internet service,No,No internet service,Yes,Two year,Yes,Electronic check,107.2,2680.0,Yes
CUST-01170,Female,0,No,No,34,Yes,Yes,Fiber optic,No,No internet service,No internet service,No,Yes,No,One year,Yes,Credit card (automatic),72.34,2472.2,Yes
CUST-01171,Female,0,No,No,54,No,No,Fiber optic,No internet service,No internet service,No,No,No internet service,No,Month-to-month,Yes,Credit card (automatic),80.81,4363.74,Yes
CUST-01172,Female,0,No,No,18,Yes,Yes,No,Yes,Yes,No,No internet service,No,Yes,One year,Yes,Mailed check,18.81,365.31,No
CUST-01173,Male,0,No,No,41,Yes,No,DSL,No,No,No internet service,No,No internet service,No,Two year,No,Bank transfer (automatic),44.6,1833.58,Yes
CUST-01174,Male,0,Yes,Yes,0,Yes,Yes,Fiber optic,No,Yes,No internet service,No,Yes,Yes,Two year,Yes,Bank transfer (automatic),44.44,18.63,Yes
CUST-01175,Male,0,Yes,Yes,2,Yes,Yes,No,Yes,No internet service,No,No,Yes,Yes,One year,Yes,Credit card (automatic),95.61,215.98,No
CUST-01176,Male,0,Yes,Yes,70,Yes,No,DSL,No,No,Yes,No internet service,Yes,Yes,Month-to-month,Yes,Mailed check,57.33,4013.1,No
CUST-01177,Male,0,No,Yes,62,Yes,Yes,Fiber optic,No,No,Yes,No,No internet service,Yes,Two year,No,Credit card (automatic),76.9,4767.8,Yes
CUST-01178,Male,0,No,Yes,63,Yes,No,No,No internet service,No,No,No internet service,Yes,No,Month-to-month,No,Bank transfer (automatic),113.05,7122.15,No
CUST-01179,Male,0,Yes,No,23,Yes,Yes,DSL,No,Yes,No internet service,No,Yes,No internet service,One year,Yes,Electronic check,118.44,2724.12,No
CUST-01180,Male,1,Yes,No,37,Yes,No,Fiber optic,Yes,No internet service,No internet service,No,No,No,One year,No,Mailed check,30.99,1185.17,No
CUST-01181,Female,0,Yes,No,49,Yes,No,DSL,No,No internet service,No,Yes,No internet service,No internet service,Month-to-month,No,Electronic check,74.7,3675.42,No
CUST-01182,Female,1,No,No,18,Yes,No,No,No internet service,No,Yes,No,No,No,Month-to-month,Yes,Credit card (automatic),89.31,1607.58,Yes
CUST-01183,Female,0,Yes,Yes,54,Yes,Yes,No,No,No,No,No internet service,No,Yes,One year,Yes,Mailed check,97.77,5312.21,No
CUST-01184,Male,0,Yes,No,50,Yes,Yes,Fiber optic,No,Yes,No internet service,No internet service,Yes,No internet service,Month-to-month,No,Mailed check,111.85,5600.28,No
CUST-01185,Male,0,Yes,Yes,29,Yes,Yes,Fiber optic,No internet service,Yes,No,Yes,No internet service,Yes,Month-to-month,Yes,Mailed check,92.29,2693.02,No
CUST-01186,Male,0,No,No,31,No,Yes,Fiber optic,Yes,Yes,Yes,No internet service,Yes,Yes,Month-to-month,Yes,Bank transfer (automatic),88.37,2749.28,Yes
CUST-01187,Male,0,Yes,Yes,22,Yes,No,DSL,No,No,No,Yes,Yes,No internet service,One year,Yes,Credit card (automatic),23.52,525.84,No
CUST-01188,Female,0,Yes,No,58,Yes,Yes,DSL,No,No internet service,No,No,No,No,Month-to-month,Yes,Credit card (automatic),73.57,4267.06,Yes
CUST-01189,Female,0,Yes,No,72,Yes,Yes,DSL,No,No internet service,No,No,Yes,No internet service,Month-to-month,No,Credit card (automatic),79.07,5715.18,No
CUST-01190,Male,1,Yes,No,72,Yes,Yes,DSL,No internet service,Yes,No internet service,No,No,Yes,Two year,No,Mailed check,89.04,6410.88,No
CUST-01191,Male,0,Yes,No,56,Yes,No phone service,Fiber optic,Yes,Yes,No internet service,No,No,No,Month-to-month,No,Bank transfer (automatic),77.5,4360.32,Yes
CUST-01192,Male,0,No,No,25,Yes,Yes,DSL,No internet service,Yes,Yes,No,Yes,Yes,Two year,No,Bank transfer (automatic),59.76,1495.99,No
CUST-01193,Male,0,No,Yes,57,Yes,Yes,DSL,No,No internet service,Yes,No,Yes,Yes,Month-to-month,No,Mailed check,67.72,3876.75,No
CUST-01194,Female,0,No,No,17,No,No,Fiber optic,No internet service,No,No,No,Yes,No internet service,Month-to-month,Yes,Credit card (automatic),116.67,1986.56,No
CUST-01195,Female,0,No,No,65,No,Yes,DSL,No internet service,No,Yes,No,Yes,No,One year,No,Credit card (automatic),51.57,3372.93,Yes
CUST-01196,Female,0,No,No,19,Yes,No phone service,DSL,No,No,No,No,No internet service,No,Month-to-month,Yes,Credit card (automatic),98.01,1862.51,Yes
CUST-01197,Female,0,Yes,No,29,Yes,Yes,DSL,Yes,No,Yes,No,No,No internet service,Two year,Yes,Credit card (automatic),79.96,2324.46,No
CUST-01198,Female,0,No,No,6,Yes,No,DSL,No,Yes,Yes,Yes,Yes,No internet service,Month-to-month,No,Electronic check,63.27,387.72,Yes
CUST-01199,Female,0,Yes,No,5,Yes,No,Fiber optic,No internet service,Yes,No internet service,No,Yes,Yes,Two year,No,Electronic check,60.26,338.87,No
CUST-01200,Female,0,Yes,No,28,Yes,No,Fiber optic,No,Yes,Yes,No,No internet service,Yes,Month-to-month,Yes,Bank transfer (automatic),72.8,2050.41,Yes
CUST-01201,Female,0,No,Yes,40,Yes,No,No,No,Yes,No internet service,No,No internet service,No internet service,Two year,Yes,Bank transfer (automatic),99.58,3983.2,No
CUST-01202,Male,1,Yes,Yes,1,No,No,Fiber optic,No internet service,No,Yes,Yes,No internet service,No,Month-to-month,Yes,Mailed check,30.46,30.46,Yes
CUST-01203,Female,1,Yes,Yes,61,Yes,No,Fiber optic,No internet service,Yes,Yes,No internet service,Yes,No,One year,No,Electronic check,110.89,6776.25,No
CUST-01204,Female,0,Yes,No,8,Yes,No,No,No,No,Yes,No internet service,No,Yes,Month-to-month,Yes,Mailed check,96.96,800.87,Yes
CUST-01205,Female,0,Yes,Yes,72,Yes,No,Fiber optic,No internet service,No,Yes,No,Yes,Yes,Two year,Yes,Electronic check,53.6,3859.2,No
CUST-01206,Female,0,No,Yes,19,Yes,No,Fiber optic,Yes,No,No,No,No internet service,No internet service,Month-to-month,Yes,Electronic check,19.04,406.56,Yes
CUST-01207,Female,0,No,Yes,27,Yes,No,Fiber optic,No,No internet service,No internet service,No internet service,No,No,Month-to-month,No,Electronic check,28.73,779.22,Yes
CUST-01208,Female,0,Yes,No,11,Yes,Yes,DSL,No internet service,Yes,No internet service,No,No,No,One year,No,Bank transfer (automatic),32.73,368.44,No
CUST-01209,Male,0,Yes,Yes,60,Yes,Yes,DSL,Yes,No,Yes,Yes,Yes,Yes,Month-to-month,No,Bank transfer (automatic),28.57,1714.2,Yes
CUST-01210,Female,0,No,Yes,53,No,Yes,DSL,Yes,Yes,Yes,No,No,Yes,Two year,No,Mailed check,28.48,1531.75,No
CUST-01211,Female,1,No,No,5,Yes,Yes,No,No internet service,No,Yes,No internet service,Yes,No,One year,Yes,Bank transfer (automatic),115.93,579.65,No
CUST-01212,Female,0,Yes,Yes,7,No,Yes,DSL,No,No,No,No,No internet service,No internet service,Month-to-month,Yes,Bank transfer (automatic),85.16,596.12,Yes
CUST-01213,Male,1,No,No,44,Yes,Yes,Fiber optic,Yes,Yes,Yes,Yes,Yes,Yes,Two year,Yes,Electronic check,101.71,4475.24,No
CUST-01214,Female,0,Yes,No,63,Yes,No,No,Yes,Yes,Yes,No internet service,No internet service,Yes,Month-to-month,Yes,Mailed check,75.41,4778.49,Yes
CUST-01215,Male,1,Yes,No,8,Yes,No,Fiber optic,No,No,No internet service,No,Yes,No,One year,No,Electronic check,81.19,658.83,Yes
CUST-01216,Male,0,Yes,No,16,Yes,No,DSL,No,No,No internet service,No,No,Yes,Month-to-month,Yes,Electronic check,107.86,1725.76,Yes
CUST-01217,Female,0,No,No,39,Yes,No,Fiber optic,No internet service,No,No,No internet service,No,Yes,Month-to-month,No,Electronic check,44.72,1744.08,No
CUST-01218,Female,1,Yes,Yes,7,Yes,Yes,DSL,No,No,Yes,No,No,No,Two year,Yes,Credit card (automatic),88.84,650.07,Yes
CUST-01219,Female,1,Yes,Yes,22,Yes,Yes,No,No,No,No,No internet service,Yes,Yes,Two year,Yes,Credit card (automatic),109.73,2414.06,No
CUST-01220,Male,0,Yes,Yes,0,Yes,No,Fiber optic,Yes,No,Yes,No internet service,Yes,No,Two year,No,Electronic check,113.5,11.21,No
CUST-01221,Female,0,Yes,Yes,36,Yes,No,Fiber optic,No,Yes,No,Yes,Yes,Yes,One year,No,Credit card (automatic),63.29,2294.54,No
CUST-01222,Female,0,No,No,52,Yes,No,Fiber optic,No,No,No,No,No,No,Month-to-month,Yes,Mailed check,105.38,5479.76,No
CUST-01223,Female,0,Yes,Yes,30,Yes,No,Fiber optic,No internet service,No,Yes,No,Yes,No internet service,Month-to-month,No,Electronic check,69.39,2106.99,Yes
CUST-01224,Female,0,Yes,Yes,18,No,No,Fiber optic,No internet service,No internet service,No internet service,No internet service,Yes,No internet service,Month-to-month,Yes,Electronic check,44.3,797.4,No
CUST-01225,Male,1,No,No,30,Yes,No,DSL,No,No,No,No internet service,Yes,No,One year,Yes,Credit card (automatic),43.6,1308.0,No
CUST-01226,Female,0,No,No,37,Yes,No,DSL,No internet service,No,No internet service,No internet service,Yes,No,Month-to-month,Yes,Mailed check,64.08,2401.75,Yes
CUST-01227,Male,0,Yes,Yes,12,Yes,No,DSL,Yes,No internet service,Yes,No,Yes,Yes,Two year,No,Bank transfer (automatic),44.3,560.54,No
CUST-01228,Female,0,No,Yes,8,Yes,Yes,Fiber optic,No,No internet service,No,No internet service,No,No,Month-to-month,Yes,Mailed check,21.06,178.34,No
CUST-01229,Male,0,No,Yes,13,No,Yes,No,No,Yes,Yes,No,Yes,Yes,Month-to-month,Yes,Mailed check,28.77,388.58,No
CUST-01230,Male,0,No,Yes,71,Yes,Yes,Fiber optic,No,No internet service,No,No,No internet service,No,Two year,Yes,Credit card (automatic),104.62,7447.58,Yes
CUST-01231,Female,0,No,No,52,Yes,No,Fiber optic,No internet service,Yes,Yes,Yes,No,Yes,Month-to-month,Yes,Credit card (automatic),108.02,5645.64,No
CUST-01232,Female,0,No,No,9,Yes,No,No,Yes,No internet service,Yes,No internet service,No,No,Month-to-month,No,Bank transfer (automatic),107.05,994.6,Yes
CUST-01233,Female,0,Yes,No,21,No,Yes,DSL,No internet service,Yes,No,No,No internet service,No,Month-to-month,Yes,Credit card (automatic),74.48,1566.23,No
CUST-01234,Female,1,Yes,No,30,Yes,Yes,DSL,Yes,No,No,No,No,No,Two year,No,Electronic check,113.39,3401.7,No
CUST-01235,Female,0,Yes,No,13,Yes,No,No,Yes,No internet service,No,Yes,No,Yes,Month-to-month,No,Credit card (automatic),68.91,895.83,Yes
CUST-01236,Male,1,Yes,No,62,Yes,Yes,No,No,Yes,No,No,Yes,No,Month-to-month,Yes,Electronic check,65.18,4043.7,No
CUST-01237,Male,0,No,Yes,68,No,No,Fiber optic,No internet service,No internet service,No,No,No,No,Month-to-month,No,Electronic check,66.39,4514.52,Yes
CUST-01238,Male,0,Yes,Yes,17,Yes,Yes,DSL,No,No,No,No internet service,Yes,No internet service,One year,No,Credit card (automatic),43.92,746.64,No
CUST-01239,Male,0,Yes,No,1,Yes,Yes,No,No,Yes,No,No internet service,No,No,Month-to-month,No,Mailed check,80.58,89.32,No
CUST-01240,Male,0,No,No,19,Yes,Yes,Fiber optic,Yes,No internet service,Yes,No,Yes,Yes,One year,No,Electronic check,63.79,1212.01,No
CUST-01241,Female,0,No,Yes,42,Yes,Yes,Fiber optic,Yes,No,No,No internet service,No,No internet service,Month-to-month,Yes,Electronic check,117.42,4933.35,No
CUST-01242,Female,0,No,Yes,59,No,Yes,DSL,Yes,No internet service,Yes,Yes,No,Yes,Two year,Yes,Electronic check,35.54,2099.85,No
CUST-01243,Female,0,Yes,No,24,No,Yes,Fiber optic,No internet service,No internet service,No,Yes,Yes,Yes,One year,Yes,Credit card (automatic),25.82,621.98,Yes
CUST-01244,Male,0,Yes,Yes,19,Yes,Yes,No,Yes,Yes,No,No,Yes,Yes,One year,No,Electronic check,53.82,1039.6,No
CUST-01245,Female,0,No,No,18,No,Yes,No,No,Yes,Yes,No,No internet service,No,Month-to-month,Yes,Credit card (automatic),39.99,734.19,Yes
CUST-01246,Female,0,Yes,No,0,Yes,No,Fiber optic,No,Yes,No,Yes,Yes,No,Month-to-month,No,Credit card (automatic),119.17,44.45,Yes
CUST-01247,Female,0,Yes,No,1,Yes,Yes,Fiber optic,No,No,No,Yes,Yes,No,Month-to-month,No,Electronic check,74.97,74.97,Yes
CUST-01248,Male,0,No,Yes,31,Yes,Yes,Fiber optic,No,Yes,No,No,Yes,No internet service,Month-to-month,Yes,Bank transfer (automatic),54.69,1700.98,No
CUST-01249,Male,0,Yes,Yes,45,Yes,Yes,Fiber optic,Yes,No,No internet service,Yes,No internet service,No,Month-to-month,No,Bank transfer (automatic),83.56,3764.5,No
CUST-01250,Female,0,No,No,0,Yes,No phone service,Fiber optic,No,No internet service,Yes,No,No,Yes,Month-to-month,Yes,Mailed check,64.22,3.36,Yes
CUST-01251,Male,0,Yes,No,14,Yes,No,DSL,No,Yes,Yes,No,No,No,Month-to-month,Yes,Bank transfer (automatic),39.3,550.2,Yes
CUST-01252,Male,0,No,Yes,66,Yes,No phone service,DSL,Yes,No,Yes,No internet service,No internet service,No,Month-to-month,No,Electronic check,58.24,3843.84,No
CUST-01253,Male,0,No,Yes,72,Yes,No phone service,Fiber optic,No,No,No,No,No,No,Month-to-month,Yes,Credit card (automatic),47.21,3399.25,No
CUST-01254,Female,0,No,No,46,Yes,Yes,DSL,Yes,Yes,Yes,Yes,No internet service,No,Month-to-month,Yes,Credit card (automatic),83.03,3819.38,Yes
CUST-01255,Female,1,Yes,No,38,Yes,No,DSL,No internet service,Yes,No internet service,Yes,No,No,Two year,No,Electronic check,101.29,3849.02,No
CUST-01256,Male,0,No,No,42,Yes,Yes,No,No internet service,Yes,Yes,Yes,No internet service,No,Month-to-month,No,Electronic check,44.78,1880.76,Yes
CUST-01257,Male,1,No,No,27,Yes,No,Fiber optic,Yes,No,No,No,No,Yes,Two year,No,Mailed check,81.38,2197.26,Yes
CUST-01258,Female,0,No,No,14,Yes,Yes,DSL,No,Yes,No,No,Yes,No internet service,Month-to-month,Yes,Mailed check,90.26,1286.29,Yes
CUST-01259,Female,0,Yes,No,27,Yes,Yes,DSL,No,No internet service,Yes,Yes,Yes,Yes,Two year,Yes,Credit card (automatic),55.74,1504.98,No
CUST-01260,Female,0,Yes,Yes,51,Yes,No phone service,Fiber optic,No internet service,No internet service,No,No internet service,Yes,Yes,Month-to-month,Yes,Credit card (automatic),67.73,3471.63,Yes
CUST-01261,Male,0,Yes,No,48,Yes,No,Fiber optic,No,Yes,No,No,No,No,Month-to-month,Yes,Electronic check,54.6,2620.8,No
CUST-01262,Female,1,Yes,No,49,Yes,No phone service,Fiber optic,No,No internet service,No,Yes,No internet service,No internet service,One year,No,Electronic check,56.04,2745.96,No
CUST-01263,Male,0,No,Yes,44,Yes,Yes,Fiber optic,Yes,No internet service,No,Yes,No,No,Month-to-month,Yes,Bank transfer (automatic),63.51,2803.75,No
CUST-01264,Female,0,No,No,4,No,Yes,DSL,Yes,Yes,No,No internet service,No,No,Month-to-month,No,Mailed check,48.13,192.52,No
CUST-01265,Male,0,No,No,45,Yes,Yes,Fiber optic,No,No internet service,No,No,No,No internet service,Month-to-month,Yes,Credit card (automatic),67.81,3051.45,No
CUST-01266,Male,0,No,Yes,64,No,No,DSL,No,Yes,No,No internet service,No internet service,Yes,Two year,Yes,Bank transfer (automatic),94.73,6062.72,No
CUST-01267,Male,0,No,No,47,No,No,Fiber optic,No internet service,No,No,Yes,No,No,Two year,Yes,Mailed check,58.22,2736.34,No
CUST-01268,Male,0,Yes,No,42,Yes,Yes,DSL,No internet service,Yes,No,No,Yes,No,Month-to-month,Yes,Bank transfer (automatic),114.43,4813.68,No
CUST-01269,Female,0,Yes,No,16,Yes,No,DSL,No,No internet service,Yes,Yes,No,No,Two year,Yes,Mailed check,40.24,643.84,No
CUST-01270,Male,1,No,No,57,Yes,Yes,DSL,No,No internet service,No,No,No,No,Month-to-month,No,Mailed check,63.85,3657.21,Yes
CUST-01271,Male,0,Yes,No,32,Yes,No,No,No internet service,No internet service,Yes,No,Yes,No internet service,Month-to-month,No,Bank transfer (automatic),79.37,2552.15,Yes
CUST-01272,Male,0,Yes,No,19,Yes,No,DSL,No internet service,No internet service,No internet service,No,Yes,Yes,Month-to-month,No,Mailed check,73.41,1426.82,No
CUST-01273,Female,0,No,No,35,No,No,DSL,No internet service,Yes,Yes,Yes,Yes,Yes,Month-to-month,Yes,Bank transfer (automatic),114.59,4054.29,No
CUST-01274,Female,1,No,No,8,Yes,Yes,DSL,No internet service,No,No,Yes,Yes,No,Two year,No,Mailed check,51.08,427.36,No
CUST-01275,Female,1,Yes,No,67,Yes,Yes,Fiber optic,No,Yes,Yes,No,Yes,No,Two year,No,Bank transfer (automatic),56.52,3786.84,No
CUST-01276,Female,0,Yes,No,51,Yes,Yes,Fiber optic,No,Yes,Yes,Yes,No internet service,No,Two year,Yes,Mailed check,78.76,4060.21,No
CUST-01277,Female,0,Yes,No,23,Yes,No,No,No,Yes,Yes,No,Yes,No internet service,One year,No,Bank transfer (automatic),78.83,1813.09,No
CUST-01278,Female,0,No,No,57,Yes,No,Fiber optic,Yes,No internet service,No,Yes,No internet service,No,Month-to-month,No,Mailed check,98.32,5604.24,Yes
CUST-01279,Male,1,No,Yes,3,No,Yes,Fiber optic,No,No,Yes,Yes,Yes,No internet service,One year,No,Electronic check,99.04,334.17,Yes
CUST-01280,Female,0,No,No,28,Yes,No phone service,Fiber optic,No,Yes,Yes,No internet service,No internet service,Yes,Month-to-month,No,Mailed check,19.11,547.11,Yes
CUST-01281,Female,0,No,No,47,Yes,No,DSL,No,No internet service,Yes,Yes,No,Yes,Two year,Yes,Mailed check,95.95,4509.65,No
CUST-01282,Female,0,Yes,No,1,Yes,No,No,Yes,No internet service,Yes,No,No internet service,Yes,Month-to-month,Yes,Mailed check,91.22,91.22,No
CUST-01283,Male,0,No,No,51,Yes,No,No,No,Yes,No internet service,No,No,No,Two year,Yes,Mailed check,77.75,3976.28,Yes
CUST-01284,Female,0,Yes,No,59,Yes,No phone service,DSL,No,No,No,Yes,No,Yes,One year,Yes,Mailed check,50.33,2969.47,No
CUST-01285,Male,0,Yes,Yes,43,Yes,Yes,Fiber optic,No,No,No,No,Yes,Yes,Month-to-month,Yes,Mailed check,110.52,4752.36,Yes
CUST-01286,Male,0,No,Yes,15,Yes,Yes,DSL,Yes,No,No,No,No,No,Month-to-month,Yes,Mailed check,93.3,1438.83,No
CUST-01287,Female,1,No,No,54,Yes,No,Fiber optic,No,No,No,No internet service,No,Yes,Month-to-month,No,Mailed check,44.24,2431.92,Yes
CUST-01288,Male,0,Yes,No,24,No,No,Fiber optic,Yes,No,No internet service,No internet service,Yes,No,Month-to-month,Yes,Bank transfer (automatic),49.13,1182.06,Yes
CUST-01289,Male,0,Yes,No,53,Yes,No,No,No,Yes,Yes,No internet service,Yes,No internet service,Two year,No,Mailed check,90.47,4794.91,No
CUST-01290,Female,0,Yes,No,45,Yes,Yes,DSL,No,No,No internet service,No,No internet service,Yes,Month-to-month,No,Bank transfer (automatic),111.6,5040.05,No
CUST-01291,Male,1,No,No,6,Yes,Yes,Fiber optic,No internet service,No,No,No internet service,Yes,No,Month-to-month,Yes,Mailed check,68.04,408.24,Yes
CUST-01292,Female,0,No,No,7,No,No,Fiber optic,No,Yes,No,No,No,Yes,Month-to-month,Yes,Credit card (automatic),107.68,753.76,Yes
CUST-01293,Male,0,Yes,No,1,Yes,No,DSL,No,Yes,No internet service,No,Yes,Yes,Month-to-month,No,Mailed check,56.98,56.98,Yes
CUST-01294,Male,0,Yes,No,5,Yes,Yes,Fiber optic,No internet service,No,Yes,Yes,Yes,Yes,Month-to-month,Yes,Bank transfer (automatic),58.31,291.55,Yes
CUST-01295,Female,0,Yes,No,21,Yes,Yes,Fiber optic,No,No,No internet service,Yes,Yes,No,Two year,Yes,Mailed check,87.97,1865.01,No
CUST-01296,Female,0,Yes,No,1,Yes,No,Fiber optic,No internet service,No,No internet service,Yes,No,No,One year,No,Bank transfer (automatic),23.15,23.47,Yes
CUST-01297,Male,0,Yes,No,68,Yes,No,No,Yes,Yes,Yes,No,No internet service,No,Two year,Yes,Bank transfer (automatic),32.17,2203.76,No
CUST-01298,Female,0,Yes,Yes,66,Yes,No,DSL,No,No internet service,No,No internet service,No internet service,No internet service,Month-to-month,Yes,Electronic check,92.3,6110.0,Yes
CUST-01299,Female,0,Yes,Yes,12,Yes,No,DSL,Yes,Yes,No internet service,No internet service,Yes,Yes,Month-to-month,No,Bank transfer (automatic),42.69,540.0,No
CUST-01300,Male,0,No,Yes,22,Yes,No phone service,DSL,No,No,Yes,Yes,Yes,No,Month-to-month,Yes,Credit card (automatic),35.86,792.65,No
CUST-01301,Female,1,No,No,54,Yes,Yes,DSL,No internet service,Yes,No,No internet service,No internet service,No,Month-to-month,Yes,Mailed check,27.08,1467.84,No
CUST-01302,Male,0,Yes,No,48,Yes,No,Fiber optic,No,No,Yes,No,Yes,Yes,Month-to-month,Yes,Bank transfer (automatic),40.94,1965.12,No
CUST-01303,Female,0,No,No,42,Yes,No,No,No,No,Yes,No,Yes,Yes,Month-to-month,Yes,Electronic check,43.55,1829.1,No
CUST-01304,Female,0,Yes,No,72,Yes,No,Fiber optic,Yes,No,No,No internet service,No,Yes,One year,Yes,Credit card (automatic),52.8,3801.6,No
CUST-01305,Female,0,No,Yes,45,Yes,No,Fiber optic,No internet service,No internet service,No,No,No internet service,Yes,Month-to-month,Yes,Credit card (automatic),113.71,5140.39,No
CUST-01306,Female,0,Yes,No,48,Yes,No,Fiber optic,No,No,No,No,Yes,Yes,One year,No,Credit card (automatic),83.75,4020.0,Yes
CUST-01307,Male,0,No,No,36,Yes,No,DSL,Yes,No,No,Yes,Yes,Yes,One year,No,Bank transfer (automatic),88.72,3193.92,No
CUST-01308,Male,0,Yes,Yes,38,Yes,Yes,No,No internet service,No,Yes,Yes,No internet service,No internet service,One year,No,Electronic check,31.54,1198.52,No
CUST-01309,Male,0,No,Yes,21,Yes,No,Fiber optic,No,No internet service,No,No internet service,No internet service,No internet service,Month-to-month,Yes,Mailed check,37.65,790.65,Yes
CUST-01310,Female,1,Yes,Yes,38,No,Yes,Fiber optic,No,No internet service,Yes,Yes,No,No,One year,No,Credit card (automatic),109.66,4167.08,No
CUST-01311,Female,1,No,No,67,Yes,Yes,No,Yes,No,Yes,Yes,No,No,Month-to-month,Yes,Electronic check,82.7,5551.23,Yes
CUST-01312,Male,0,Yes,Yes,27,Yes,No,Fiber optic,Yes,No,Yes,Yes,No internet service,No internet service,Month-to-month,No,Bank transfer (automatic),100.58,2715.66,No
CUST-01313,Female,0,No,No,9,Yes,No,DSL,No internet service,No internet service,No,No,No,No,Month-to-month,Yes,Electronic check,54.46,510.89,Yes
CUST-01314,Female,0,Yes,No,43,Yes,No phone service,Fiber optic,No,No internet service,Yes,No,No,No,Month-to-month,No,Bank transfer (automatic),76.88,3305.84,No
CUST-01315,Female,0,No,No,57,Yes,No,Fiber optic,No internet service,Yes,Yes,No internet service,No,No,Month-to-month,No,Bank transfer (automatic),69.23,3946.11,No
CUST-01316,Male,0,Yes,No,69,Yes,No,Fiber optic,Yes,No internet service,No,No,Yes,No internet service,One year,Yes,Mailed check,38.95,2715.02,No
CUST-01317,Female,0,No,Yes,39,No,Yes,No,No,No,Yes,No internet service,No internet service,No internet service,Two year,Yes,Bank transfer (automatic),102.13,3987.04,No
CUST-01318,Female,0,No,No,57,Yes,No,Fiber optic,No,No,No internet service,No,No,Yes,Month-to-month,Yes,Mailed check,52.04,2983.55,Yes
CUST-01319,Male,0,No,No,18,Yes,No phone service,Fiber optic,No,No,No,No,Yes,No,Month-to-month,Yes,Bank transfer (automatic),65.62,1198.9,Yes
CUST-01320,Male,1,Yes,No,30,Yes,Yes,No,No,Yes,Yes,Yes,No,Yes,Month-to-month,Yes,Credit card (automatic),31.57,947.1,No
CUST-01321,Male,0,Yes,Yes,30,Yes,No,Fiber optic,No,No internet service,No internet service,Yes,No internet service,Yes,Two year,No,Mailed check,83.11,2493.3,No
CUST-01322,Male,0,Yes,No,24,Yes,No,Fiber optic,No,No,No,No internet service,Yes,No,Month-to-month,Yes,Electronic check,98.7,2389.49,No
CUST-01323,Female,0,No,No,52,Yes,Yes,DSL,No internet service,Yes,No internet service,No,No,No,Month-to-month,Yes,Credit card (automatic),59.86,3149.42,Yes
CUST-01324,Female,0,No,Yes,64,No,No,Fiber optic,No,No,No,No,Yes,Yes,Month-to-month,No,Bank transfer (automatic),117.77,7538.55,Yes
CUST-01325,Female,0,Yes,Yes,23,Yes,Yes,Fiber optic,No,Yes,No,No internet service,No,Yes,Two year,No,Mailed check,44.27,1018.21,No
CUST-01326,Male,1,No,Yes,9,Yes,Yes,DSL,No,No,No,No internet service,No internet service,No,Month-to-month,Yes,Electronic check,107.05,997.1,Yes
CUST-01327,Female,0,Yes,No,60,Yes,Yes,Fiber optic,No,No,No,Yes,No internet service,Yes,Month-to-month,No,Electronic check,91.56,5493.6,Yes
CUST-01328,Male,0,No,No,62,Yes,Yes,DSL,Yes,No,No,No,No internet service,No internet service,Month-to-month,No,Mailed check,112.58,6986.54,No
CUST-01329,Female,0,Yes,No,68,Yes,Yes,DSL,No internet service,Yes,Yes,No internet service,No,No,One year,No,Credit card (automatic),93.55,6361.4,No
CUST-01330,Male,0,Yes,No,18,Yes,No,Fiber optic,Yes,Yes,Yes,No internet service,No,No,Month-to-month,Yes,Bank transfer (automatic),68.47,1237.84,No
CUST-01331,Male,0,Yes,No,52,Yes,Yes,DSL,Yes,Yes,Yes,Yes,No,Yes,Two year,Yes,Mailed check,60.17,3128.84,No
CUST-01332,Female,0,Yes,No,52,Yes,No,Fiber optic,No,No,No,Yes,Yes,No internet service,Two year,Yes,Credit card (automatic),102.6,5335.2,No
CUST-01333,Male,0,Yes,Yes,57,Yes,No,Fiber optic,Yes,No internet service,No,No,No,No internet service,Month-to-month,No,Mailed check,103.72,5912.04,No
CUST-01334,Female,0,Yes,Yes,58,Yes,Yes,DSL,Yes,No,No internet service,Yes,No,Yes,Two year,No,Credit card (automatic),78.07,4541.3,No
CUST-01335,Female,0,Yes,No,69,Yes,Yes,DSL,Yes,No,Yes,Yes,No,No,Two year,No,Mailed check,89.62,6187.04,No
CUST-01336,Female,0,Yes,No,34,Yes,No phone service,Fiber optic,Yes,Yes,No,No,No,No internet service,Month-to-month,Yes,Bank transfer (automatic),65.21,2234.74,Yes
CUST-01337,Female,1,No,No,5,Yes,No,DSL,No,Yes,Yes,No,Yes,Yes,Two year,Yes,Mailed check,40.27,201.35,No
CUST-01338,Male,0,Yes,No,14,Yes,No phone service,Fiber optic,No internet service,No internet service,No,Yes,Yes,No,Month-to-month,No,Bank transfer (automatic),23.1,323.4,Yes
CUST-01339,Female,0,Yes,No,64,Yes,Yes,Fiber optic,No,No,No internet service,No,Yes,No internet service,Month-to-month,Yes,Electronic check,84.68,5432.02,Yes
CUST-01340,Male,0,No,Yes,61,Yes,No,Fiber optic,No,Yes,No,Yes,No,No,Month-to-month,Yes,Credit card (automatic),86.26,5279.03,Yes
CUST-01341,Female,0,No,No,0,Yes,No,Fiber optic,No,No,No,No,Yes,No internet service,Two year,No,Mailed check,85.86,0.0,No
CUST-01342,Male,0,Yes,Yes,26,Yes,No phone service,No,No,No,No,No internet service,No internet service,Yes,Two year,No,Bank transfer (automatic),75.37,1965.98,No
CUST-01343,Male,0,No,No,17,Yes,Yes,DSL,No,Yes,Yes,No internet service,Yes,No internet service,Month-to-month,Yes,Bank transfer (automatic),52.92,899.64,Yes
CUST-01344,Female,0,No,No,23,Yes,No phone service,No,No,Yes,No,Yes,No internet service,No internet service,One year,No,Bank transfer (automatic),42.69,1000.06,No
CUST-01345,Male,0,No,Yes,46,Yes,Yes,No,No,No,No,No internet service,Yes,Yes,One year,Yes,Bank transfer (automatic),24.7,1173.41,No
CUST-01346,Female,0,Yes,Yes,37,Yes,No,Fiber optic,No,Yes,Yes,No internet service,No internet service,No,Two year,Yes,Credit card (automatic),33.1,1224.7,No
CUST-01347,Female,1,Yes,No,35,Yes,No,DSL,Yes,No,No,No,No,No,Month-to-month,Yes,Credit card (automatic),82.09,2873.15,No
CUST-01348,Female,0,Yes,No,31,Yes,No,DSL,No internet service,No internet service,No,No internet service,No internet service,No internet service,Month-to-month,Yes,Credit card (automatic),96.34,2991.82,No
CUST-01349,Female,0,No,No,46,Yes,Yes,No,No internet service,No internet service,Yes,Yes,No internet service,Yes,Month-to-month,Yes,Electronic check,110.58,5086.68,Yes
CUST-01350,Female,0,No,Yes,49,Yes,No,DSL,No internet service,No,Yes,Yes,No,Yes,Month-to-month,Yes,Credit card (automatic),26.56,1320.23,No
CUST-01351,Male,0,No,No,3,No,Yes,No,Yes,Yes,No,No internet service,Yes,No internet service,Month-to-month,Yes,Bank transfer (automatic),101.03,304.67,No
CUST-01352,Male,1,No,No,10,Yes,No,Fiber optic,No,No,No,No,No,No,Month-to-month,Yes,Bank transfer (automatic),78.94,789.4,Yes
CUST-01353,Male,0,Yes,No,24,Yes,No,Fiber optic,No,Yes,No,No,Yes,No,Month-to-month,Yes,Credit card (automatic),48.73,1169.52,Yes
CUST-01354,Female,0,Yes,No,31,Yes,No,Fiber optic,Yes,No internet service,No,Yes,No internet service,No,Two year,No,Bank transfer (automatic),92.03,2852.93,No
CUST-01355,Male,0,No,No,72,Yes,No,DSL,No internet service,No,Yes,Yes,No internet service,No internet service,Month-to-month,Yes,Credit card (automatic),118.91,8561.52,Yes
CUST-01356,Male,0,No,No,65,Yes,No,Fiber optic,No,No,Yes,Yes,Yes,Yes,Month-to-month,Yes,Bank transfer (automatic),56.7,3685.5,Yes
CUST-01357,Male,0,Yes,No,47,Yes,No,No,Yes,No,Yes,Yes,No,No internet service,One year,Yes,Electronic check,82.0,3861.68,Yes
CUST-01358,Male,0,Yes,No,2,Yes,No,DSL,No internet service,No,Yes,No internet service,Yes,No,Month-to-month,Yes,Bank transfer (automatic),44.6,89.2,No
CUST-01359,Male,1,No,No,7,Yes,No,No,Yes,No,Yes,Yes,No,No internet service,One year,No,Mailed check,38.91,272.37,Yes
CUST-01360,Male,0,Yes,No,33,Yes,No,No,No,No internet service,Yes,No internet service,No,Yes,Two year,No,Bank transfer (automatic),33.21,1095.93,No
CUST-01361,Male,0,Yes,No,42,Yes,No,DSL,Yes,Yes,No,Yes,No,No,Month-to-month,Yes,Mailed check,21.28,893.76,Yes
CUST-01362,Male,0,No,Yes,48,No,No,Fiber optic,Yes,Yes,No,No,No internet service,No internet service,Month-to-month,Yes,Electronic check,91.83,4407.84,Yes
CUST-01363,Male,0,Yes,Yes,10,Yes,Yes,DSL,No internet service,No internet service,Yes,No internet service,Yes,No,Month-to-month,Yes,Bank transfer (automatic),32.89,328.9,No
CUST-01364,Male,1,Yes,No,64,Yes,No,Fiber optic,No,No,No,Yes,No internet service,Yes,Month-to-month,Yes,Electronic check,86.98,5580.18,Yes
CUST-01365,Female,0,No,No,36,Yes,Yes,No,Yes,Yes,Yes,Yes,No,No,One year,No,Electronic check,106.7,3868.56,Yes
CUST-01366,Male,0,Yes,No,43,No,Yes,No,No,Yes,No,No internet service,Yes,Yes,Month-to-month,Yes,Mailed check,104.35,4487.05,No
CUST-01367,Male,0,No,No,2,Yes,No,No,No internet service,No,No internet service,Yes,No,Yes,Month-to-month,No,Bank transfer (automatic),48.49,119.37,No
CUST-01368,Male,0,Yes,No,60,Yes,No,DSL,No internet service,No,No,Yes,Yes,No,Month-to-month,No,Electronic check,30.69,1855.26,Yes
CUST-01369,Female,0,Yes,No,39,Yes,No,Fiber optic,No internet service,No,Yes,No internet service,No,No internet service,Month-to-month,Yes,Mailed check,63.19,2468.01,Yes
CUST-01370,Female,0,Yes,No,16,Yes,No phone service,DSL,No internet service,Yes,No,No,No internet service,No,Month-to-month,Yes,Mailed check,36.49,614.37,No
CUST-01371,Female,0,No,Yes,23,Yes,Yes,No,No,No,No,No,Yes,Yes,Month-to-month,No,Credit card (automatic),56.1,1290.3,No
CUST-01372,Male,0,Yes,No,25,Yes,Yes,DSL,No,No,Yes,Yes,Yes,Yes,Month-to-month,No,Electronic check,76.02,1908.54,Yes
CUST-01373,Male,0,No,Yes,1,Yes,Yes,DSL,No internet service,No internet service,No internet service,Yes,No,Yes,One year,Yes,Credit card (automatic),83.72,86.19,Yes
CUST-01374,Male,0,Yes,No,68,Yes,Yes,DSL,Yes,No,No,No,Yes,Yes,Two year,No,Electronic check,40.27,2739.35,Yes
CUST-01375,Female,0,Yes,No,58,Yes,No,DSL,Yes,No,Yes,No,Yes,No internet service,One year,Yes,Bank transfer (automatic),41.18,2397.62,No
CUST-01376,Female,0,No,No,64,Yes,No,DSL,No,No internet service,No,No,No,Yes,Month-to-month,Yes,Credit card (automatic),106.33,6806.05,No
CUST-01377,Female,1,No,Yes,25,Yes,No,DSL,Yes,Yes,No,No internet service,No,Yes,Month-to-month,No,Credit card (automatic),114.38,2868.82,No
CUST-01378,Female,0,No,No,40,Yes,Yes,No,No,Yes,No,No,No internet service,No,One year,Yes,Bank transfer (automatic),83.53,3341.2,No
CUST-01379,Female,0,Yes,Yes,33,Yes,No,Fiber optic,No internet service,Yes,No internet service,No,No,Yes,One year,Yes,Mailed check,74.8,2468.4,No
CUST-01380,Female,0,Yes,No,34,Yes,Yes,DSL,No,No,No internet service,No,No,No,Two year,Yes,Credit card (automatic),85.12,2894.08,No
CUST-01381,Female,1,No,Yes,42,Yes,No,Fiber optic,No,No internet service,Yes,No,No,No,Month-to-month,No,Credit card (automatic),31.12,1307.04,Yes
CUST-01382,Male,0,Yes,No,32,Yes,No,Fiber optic,No,Yes,Yes,No,Yes,Yes,Month-to-month,No,Electronic check,109.5,3524.27,Yes
CUST-01383,Male,0,Yes,No,56,Yes,Yes,Fiber optic,No,No internet service,Yes,Yes,No,No,Month-to-month,No,Mailed check,39.28,2199.68,Yes
CUST-01384,Female,0,No,Yes,4,Yes,No,DSL,Yes,Yes,No,No internet service,No,No,Two year,No,Mailed check,86.31,358.29,No
CUST-01385,Male,0,No,Yes,14,Yes,No,Fiber optic,Yes,No,No,No,No internet service,No,One year,Yes,Credit card (automatic),40.64,574.27,No
CUST-01386,Male,0,Yes,No,65,Yes,Yes,Fiber optic,No,No,Yes,No internet service,Yes,Yes,Two year,Yes,Electronic check,89.99,5849.35,No
CUST-01387,Female,1,No,Yes,64,No,No,DSL,No,Yes,No internet service,No internet service,No,Yes,One year,Yes,Electronic check,94.85,6096.58,Yes
CUST-01388,Male,0,No,Yes,59,Yes,No,Fiber optic,No,No,Yes,Yes,No,No,Two year,Yes,Electronic check,93.59,5536.53,No
CUST-01389,Female,0,Yes,No,26,Yes,Yes,Fiber optic,No,No,No internet service,No,Yes,Yes,Month-to-month,No,Credit card (automatic),61.73,1605.02,Yes
CUST-01390,Female,0,No,No,33,Yes,Yes,Fiber optic,Yes,No,No internet service,No,No internet service,Yes,Two year,Yes,Electronic check,79.92,2637.36,No
CUST-01391,Male,0,No,No,1,Yes,No,Fiber optic,No,No internet service,Yes,No,Yes,Yes,Two year,No,Mailed check,78.99,80.86,No
CUST-01392,Female,0,Yes,No,20,Yes,No phone service,Fiber optic,No,No internet service,Yes,No internet service,No internet service,Yes,Two year,Yes,Bank transfer (automatic),91.47,1829.4,No
CUST-01393,Female,0,Yes,No,53,Yes,No,Fiber optic,No,No,Yes,Yes,No,Yes,Two year,No,Mailed check,68.9,3651.7,No
CUST-01394,Female,0,Yes,No,25,Yes,No,DSL,No internet service,No internet service,No internet service,No,Yes,No internet service,Month-to-month,Yes,Electronic check,69.74,1752.75,Yes
CUST-01395,Male,0,No,No,35,Yes,No,DSL,No,Yes,No,No internet service,No,No,One year,No,Mailed check,87.81,3073.35,No
CUST-01396,Female,1,Yes,No,8,Yes,No,Fiber optic,Yes,Yes,No internet service,No internet service,Yes,No,One year,Yes,Credit card (automatic),35.36,282.88,Yes
CUST-01397,Female,0,Yes,No,36,Yes,Yes,DSL,No,No,No,Yes,No,Yes,Two year,Yes,Mailed check,84.55,3043.8,No
CUST-01398,Female,0,Yes,No,52,Yes,Yes,Fiber optic,Yes,No,No,No internet service,No internet service,Yes,Two year,No,Bank transfer (automatic),33.12,1780.31,No
CUST-01399,Male,0,Yes,No,41,No,No phone service,DSL,Yes,No,No internet service,Yes,No,No,One year,No,Mailed check,91.93,3782.6,No
CUST-01400,Male,0,Yes,Yes,40,Yes,No,Fiber optic,No,No,No,No,Yes,No,Month-to-month,Yes,Electronic check,57.67,2328.75,Yes
CUST-01401,Female,0,No,No,66,Yes,No phone service,Fiber optic,Yes,No internet service,No,Yes,No,No internet service,Two year,No,Electronic check,103.64,6840.24,Yes
CUST-01402,Male,0,No,Yes,17,Yes,Yes,No,Yes,Yes,No,No,No,Yes,Two year,Yes,Credit card (automatic),27.02,466.58,No
CUST-01403,Male,0,Yes,No,21,Yes,No,Fiber optic,No internet service,No internet service,Yes,Yes,No,Yes,One year,No,Credit card (automatic),64.97,1364.37,Yes
CUST-01404,Male,1,Yes,Yes,45,Yes,No,Fiber optic,No,No,Yes,Yes,No,No,Month-to-month,Yes,Bank transfer (automatic),35.06,1577.7,Yes
CUST-01405,Male,0,Yes,No,35,No,Yes,No,No internet service,No,Yes,No,No,Yes,Two year,No,Credit card (automatic),106.62,3741.81,No
CUST-01406,Male,0,No,No,71,Yes,Yes,Fiber optic,No internet service,Yes,No,No internet service,No,Yes,Two year,Yes,Mailed check,30.78,2185.38,No
CUST-01407,Male,0,No,No,4,Yes,No,Fiber optic,No,Yes,No,No,No,Yes,Month-to-month,No,Credit card (automatic),67.49,277.82,Yes
CUST-01408,Female,0,No,Yes,8,Yes,No,DSL,No,No,No,No,No,Yes,One year,No,Bank transfer (automatic),28.74,239.44,Yes
CUST-01409,Male,0,No,Yes,24,Yes,No,Fiber optic,No,No,Yes,No,Yes,No internet service,One year,No,Credit card (automatic),99.37,2384.88,No
CUST-01410,Male,1,Yes,No,33,Yes,Yes,Fiber optic,No,No,No,No,No,No internet service,One year,No,Bank transfer (automatic),46.77,1543.41,No
CUST-01411,Male,0,Yes,Yes,65,Yes,No,Fiber optic,No,Yes,No internet service,Yes,No,No,Month-to-month,No,Credit card (automatic),78.59,5108.35,No
CUST-01412,Female,1,Yes,No,36,Yes,Yes,Fiber optic,Yes,No,No,Yes,No internet service,Yes,Month-to-month,Yes,Bank transfer (automatic),35.35,1272.6,Yes
CUST-01413,Male,0,No,No,31,Yes,Yes,No,Yes,No,No internet service,No,No internet service,No,Two year,Yes,Credit card (automatic),53.86,1669.66,No
CUST-01414,Female,0,Yes,Yes,12,Yes,No,No,No,No internet service,Yes,No internet service,No internet service,No,Two year,Yes,Credit card (automatic),29.6,365.39,No
CUST-01415,Female,0,Yes,No,31,Yes,Yes,Fiber optic,Yes,No,Yes,Yes,Yes,No internet service,Month-to-month,Yes,Credit card (automatic),74.18,2299.58,No
CUST-01416,Female,0,No,No,38,Yes,No phone service,No,No,No,No,No,No,No,Two year,Yes,Mailed check,18.35,729.34,No
CUST-01417,Female,0,No,Yes,42,No,No,No,No internet service,No,Yes,No internet service,No internet service,No internet service,Month-to-month,No,Electronic check,119.29,5042.08,No
CUST-01418,Male,0,Yes,No,44,Yes,Yes,DSL,No,No,No,No internet service,Yes,Yes,Month-to-month,Yes,Mailed check,60.46,2664.96,No
CUST-01419,Female,0,No,Yes,31,Yes,Yes,Fiber optic,No,No,No internet service,No,Yes,No,One year,No,Bank transfer (automatic),82.2,2548.2,No
CUST-01420,Male,1,No,No,11,Yes,No,DSL,Yes,Yes,Yes,No internet service,Yes,No internet service,Month-to-month,Yes,Credit card (automatic),47.25,519.75,No
CUST-01421,Female,0,No,No,11,Yes,Yes,DSL,No internet service,No internet service,No internet service,No,No,No internet service,Month-to-month,No,Credit card (automatic),43.83,488.47,Yes
CUST-01422,Female,0,No,No,11,Yes,Yes,DSL,No,No,Yes,No,No,No internet service,Two year,Yes,Bank transfer (automatic),104.31,1157.24,No
CUST-01423,Female,0,Yes,No,45,Yes,No,Fiber optic,No,No,No,No,Yes,No,Month-to-month,Yes,Bank transfer (automatic),95.33,4289.85,Yes
CUST-01424,Female,0,No,Yes,62,No,Yes,DSL,No internet service,No,No,Yes,No,No,Month-to-month,Yes,Credit card (automatic),83.62,5184.44,Yes
CUST-01425,Male,1,No,No,64,Yes,No,DSL,Yes,No,No,No internet service,No,Yes,Month-to-month,Yes,Electronic check,94.74,6070.41,Yes
CUST-01426,Female,0,No,No,22,Yes,No,DSL,No,Yes,Yes,No,No internet service,No,One year,Yes,Credit card (automatic),35.88,790.74,No
CUST-01427,Female,0,No,No,5,Yes,Yes,Fiber optic,Yes,Yes,No internet service,No internet service,No,Yes,One year,No,Bank transfer (automatic),113.28,566.4,Yes
CUST-01428,Female,0,No,No,46,Yes,No,No,Yes,Yes,No internet service,No internet service,No internet service,No,Month-to-month,No,Bank transfer (automatic),64.38,2963.74,No
CUST-01429,Male,0,No,No,2,No,No,No,No,Yes,No,No,No,No internet service,Month-to-month,No,Mailed check,106.61,213.22,Yes
CUST-01430,Female,0,No,No,45,Yes,No,Fiber optic,No,Yes,No,Yes,No internet service,No internet service,Month-to-month,Yes,Bank transfer (automatic),93.08,4188.6,Yes
CUST-01431,Male,0,No,No,27,Yes,Yes,DSL,No,No,No,No,No,No,One year,Yes,Credit card (automatic),47.16,1273.32,No
CUST-01432,Male,0,No,No,61,Yes,No,No,No,Yes,No,No internet service,No internet service,Yes,Two year,Yes,Mailed check,76.07,4640.27,No
CUST-01433,Male,0,Yes,No,45,Yes,Yes,DSL,No internet service,No internet service,No,No,No internet service,No,Month-to-month,No,Electronic check,116.6,5247.0,Yes
CUST-01434,Female,0,No,No,54,Yes,No,No,No internet service,No internet service,No,No internet service,No,Yes,Two year,No,Electronic check,21.78,1197.03,No
CUST-01435,Male,0,Yes,No,29,Yes,Yes,Fiber optic,Yes,Yes,No internet service,No,No,Yes,Two year,Yes,Electronic check,61.5,1783.5,Yes
CUST-01436,Male,1,No,Yes,61,Yes,No phone service,Fiber optic,No,No,No,No,Yes,No internet service,Month-to-month,Yes,Mailed check,81.3,4996.17,No
CUST-01437,Male,0,No,No,38,Yes,Yes,DSL,Yes,No,Yes,No internet service,Yes,No,Month-to-month,No,Electronic check,52.67,2013.99,No
CUST-01438,Female,0,No,Yes,45,Yes,No phone service,DSL,No,No internet service,No internet service,No,Yes,Yes,One year,Yes,Mailed check,50.43,2269.35,No
CUST-01439,Male,0,No,No,26,No,No phone service,Fiber optic,No,No,Yes,No,Yes,No,Two year,No,Bank transfer (automatic),94.37,2476.82,No
CUST-01440,Female,0,Yes,Yes,32,Yes,No,Fiber optic,No,No,Yes,Yes,No,Yes,Month-to-month,Yes,Bank transfer (automatic),111.47,3567.04,No
CUST-01441,Female,1,Yes,Yes,61,Yes,Yes,No,Yes,Yes,No internet service,No internet service,Yes,No,Month-to-month,No,Bank transfer (automatic),72.84,4482.71,No
CUST-01442,Female,0,No,No,28,Yes,Yes,Fiber optic,No,No internet service,Yes,No,No internet service,Yes,One year,Yes,Bank transfer (automatic),114.72,3216.68,Yes
CUST-01443,Female,0,No,No,1,Yes,No phone service,Fiber optic,Yes,Yes,Yes,No,No,Yes,Two year,No,Electronic check,28.33,39.18,No
CUST-01444,Male,0,No,No,27,Yes,No,DSL,Yes,No internet service,No,No,No internet service,No,Month-to-month,No,Credit card (automatic),41.2,1113.02,Yes
CUST-01445,Male,0,No,No,28,Yes,No,Fiber optic,No,Yes,No internet service,Yes,No,No,Month-to-month,Yes,Mailed check,26.95,759.92,Yes
CUST-01446,Male,0,No,Yes,30,Yes,Yes,DSL,No,No,Yes,No,Yes,No,Month-to-month,No,Electronic check,62.42,1872.6,Yes
CUST-01447,Female,0,Yes,No,5,Yes,No,Fiber optic,No,No,No,Yes,Yes,No internet service,Two year,Yes,Credit card (automatic),81.92,409.6,No
CUST-01448,Female,0,Yes,No,9,Yes,Yes,Fiber optic,No,Yes,Yes,Yes,No internet service,No internet service,One year,Yes,Mailed check,38.45,352.84,Yes
CUST-01449,Female,0,No,No,23,Yes,Yes,No,No,Yes,No,No internet service,Yes,No internet service,Month-to-month,Yes,Mailed check,63.75,1486.75,No
CUST-01450,Male,0,No,No,30,Yes,Yes,Fiber optic,No,Yes,No,No,No,No internet service,Two year,No,Mailed check,87.81,2634.3,No
CUST-01451,Male,0,No,Yes,2,No,No,DSL,No internet service,No,Yes,No internet service,Yes,No internet service,Month-to-month,Yes,Bank transfer (automatic),83.23,197.27,Yes
CUST-01452,Male,0,No,No,28,Yes,No,No,No internet service,No,No internet service,No,Yes,No internet service,Two year,Yes,Bank transfer (automatic),82.19,2313.34,No
CUST-01453,Male,0,No,No,23,Yes,No,Fiber optic,Yes,Yes,No,Yes,Yes,Yes,Month-to-month,Yes,Electronic check,79.82,1835.86,No
CUST-01454,Male,0,No,Yes,2,No,Yes,Fiber optic,No,No,No internet service,No,No,Yes,Month-to-month,Yes,Electronic check,118.63,237.26,Yes
CUST-01455,Female,0,No,No,18,Yes,Yes,Fiber optic,No,Yes,No internet service,Yes,Yes,No,Month-to-month,Yes,Credit card (automatic),90.82,1672.04,Yes
CUST-01456,Male,0,Yes,No,20,Yes,No,No,Yes,No,No internet service,No,No internet service,No internet service,Month-to-month,Yes,Mailed check,110.58,2230.37,No
CUST-01457,Female,0,No,Yes,10,No,No,DSL,Yes,No internet service,No,No internet service,Yes,No internet service,Two year,No,Credit card (automatic),115.08,1173.6,No
CUST-01458,Male,0,No,No,54,Yes,Yes,Fiber optic,Yes,No internet service,Yes,No,Yes,No,Month-to-month,Yes,Bank transfer (automatic),105.69,5707.26,No
CUST-01459,Male,0,Yes,Yes,5,Yes,Yes,No,No,No internet service,No internet service,No,Yes,No internet service,Month-to-month,No,Bank transfer (automatic),27.71,149.66,No
CUST-01460,Female,0,No,Yes,42,Yes,No,DSL,No,Yes,No,No internet service,No internet service,No,Two year,Yes,Mailed check,71.98,3030.15,Yes
CUST-01461,Female,1,No,No,48,No,No phone service,No,No,Yes,Yes,No,No,No,Month-to-month,Yes,Credit card (automatic),56.91,2731.68,Yes
CUST-01462,Male,0,No,Yes,58,Yes,No,Fiber optic,No,No internet service,No,No,No,Yes,Month-to-month,Yes,Bank transfer (automatic),27.9,1620.39,No
CUST-01463,Male,0,Yes,Yes,39,Yes,Yes,DSL,No,Yes,Yes,No,No,No,Month-to-month,Yes,Credit card (automatic),75.55,2968.65,No
CUST-01464,Male,0,No,No,39,Yes,No,DSL,Yes,Yes,No,No,No internet service,Yes,Two year,No,Mailed check,39.71,1580.68,Yes
CUST-01465,Female,0,Yes,Yes,55,Yes,Yes,No,No,Yes,No,Yes,Yes,Yes,One year,Yes,Bank transfer (automatic),77.34,4253.7,No
CUST-01466,Male,0,No,No,62,Yes,No,Fiber optic,No,No,No,No,No internet service,No,Two year,Yes,Mailed check,101.37,6284.94,No
CUST-01467,Female,0,No,No,15,Yes,Yes,DSL,Yes,No,Yes,No,No internet service,Yes,One year,Yes,Credit card (automatic),58.17,905.42,No
CUST-01468,Male,0,No,Yes,58,Yes,Yes,DSL,Yes,No internet service,Yes,Yes,Yes,No internet service,Month-to-month,No,Credit card (automatic),114.88,6696.16,No
CUST-01469,Female,0,No,No,33,Yes,No,DSL,No,No,No internet service,No internet service,Yes,No,Month-to-month,Yes,Mailed check,96.18,3181.95,No
CUST-01470,Male,0,Yes,Yes,7,Yes,Yes,DSL,No internet service,Yes,No,Yes,No,No,One year,Yes,Electronic check,100.04,736.13,No
CUST-01471,Female,0,No,No,44,Yes,Yes,Fiber optic,No,No,No,No,Yes,Yes,Month-to-month,Yes,Electronic check,29.45,1302.35,Yes
CUST-01472,Female,1,No,Yes,71,Yes,No,DSL,Yes,No,No,No internet service,Yes,No internet service,Two year,Yes,Mailed check,114.07,8098.97,No
CUST-01473,Male,0,Yes,No,10,Yes,No,DSL,Yes,Yes,No internet service,No,No,No,Month-to-month,No,Electronic check,21.52,215.2,Yes
CUST-01474,Male,0,Yes,Yes,1,Yes,No,DSL,Yes,No internet service,No,No internet service,Yes,No,Month-to-month,Yes,Credit card (automatic),104.08,104.08,No
CUST-01475,Female,0,Yes,No,66,Yes,Yes,Fiber optic,No,No,No,No internet service,No,No,One year,Yes,Mailed check,21.02,1387.41,No
CUST-01476,Male,0,No,Yes,43,Yes,Yes,Fiber optic,No internet service,No,Yes,No,No,No,Month-to-month,Yes,Electronic check,34.57,1486.51,Yes
CUST-01477,Male,0,No,Yes,15,Yes,No,Fiber optic,No,No internet service,No internet service,No internet service,No,No,One year,No,Bank transfer (automatic),50.17,752.55,No
CUST-01478,Male,0,No,No,57,Yes,No,Fiber optic,No internet service,No,No,No,No,No,Two year,Yes,Mailed check,93.25,5315.25,Yes
CUST-01479,Male,0,No,No,28,Yes,Yes,No,Yes,No,No,No,No,No internet service,One year,No,Electronic check,109.74,3089.88,No
CUST-01480,Male,1,Yes,No,24,Yes,No,Fiber optic,No,No,Yes,No,No,Yes,Two year,No,Mailed check,85.98,2063.52,No
CUST-01481,Male,0,No,Yes,21,Yes,No phone service,No,No,No internet service,No,No,No internet service,No internet service,Month-to-month,Yes,Bank transfer (automatic),92.23,1936.83,Yes
CUST-01482,Male,0,Yes,Yes,43,Yes,Yes,Fiber optic,No,No internet service,No,No,No,Yes,Month-to-month,No,Bank transfer (automatic),47.56,2045.08,Yes
CUST-01483,Male,0,Yes,No,9,Yes,No,DSL,No internet service,No,No,Yes,No,Yes,Two year,Yes,Electronic check,117.49,1075.83,Yes
CUST-01484,Male,0,Yes,No,26,Yes,No,No,Yes,Yes,No,No,No internet service,Yes,Month-to-month,Yes,Bank transfer (automatic),59.59,1549.34,Yes
CUST-01485,Male,0,Yes,No,22,Yes,Yes,Fiber optic,No,No internet service,No internet service,No internet service,No,Yes,Month-to-month,Yes,Credit card (automatic),111.12,2450.24,Yes
CUST-01486,Female,0,No,No,4,Yes,No,Fiber optic,No,No internet service,No,No internet service,Yes,Yes,Month-to-month,Yes,Bank transfer (automatic),97.48,420.98,Yes
CUST-01487,Male,0,No,No,55,No,Yes,DSL,Yes,No,No internet service,No internet service,Yes,No internet service,One year,Yes,Credit card (automatic),55.46,3107.17,No
CUST-01488,Male,0,No,Yes,0,Yes,Yes,Fiber optic,No internet service,No internet service,Yes,Yes,No,No,One year,No,Credit card (automatic),53.0,12.81,No
CUST-01489,Male,0,Yes,No,70,Yes,No phone service,No,No,No,No,No,No,No internet service,Month-to-month,No,Mailed check,87.31,6122.53,No
CUST-01490,Female,0,Yes,No,6,Yes,No,DSL,Yes,No,Yes,No,No,Yes,Month-to-month,No,Mailed check,113.93,683.58,No
CUST-01491,Male,1,Yes,No,26,Yes,Yes,DSL,No,No,Yes,Yes,No,No,Month-to-month,Yes,Mailed check,86.58,2258.45,No
CUST-01492,Male,0,No,No,7,No,No,DSL,No,Yes,No internet service,No,Yes,Yes,Month-to-month,Yes,Mailed check,105.46,739.46,Yes
CUST-01493,Male,0,Yes,Yes,26,Yes,No phone service,Fiber optic,No internet service,No,Yes,No,No,No,Month-to-month,Yes,Electronic check,116.56,3048.4,Yes
CUST-01494,Male,1,Yes,No,44,Yes,No,No,No internet service,No,No internet service,No internet service,No,Yes,Two year,No,Credit card (automatic),51.66,2273.04,No
CUST-01495,Male,1,No,No,6,Yes,No phone service,Fiber optic,Yes,Yes,Yes,Yes,No internet service,No,Two year,Yes,Bank transfer (automatic),72.93,441.59,Yes
CUST-01496,Male,0,No,Yes,38,Yes,No,No,No,Yes,No,No internet service,No,No,Two year,Yes,Electronic check,80.13,3057.04,Yes
CUST-01497,Female,0,No,No,56,Yes,Yes,Fiber optic,No internet service,No,Yes,No internet service,No,Yes,Two year,No,Credit card (automatic),40.15,2286.37,Yes
CUST-01498,Female,0,Yes,No,33,No,No,Fiber optic,Yes,No internet service,No,No,No,Yes,Two year,No,Credit card (automatic),99.35,3309.83,No
CUST-01499,Male,0,No,Yes,8,Yes,No,DSL,No,No internet service,No internet service,Yes,No,No,One year,Yes,Bank transfer (automatic),44.7,382.92,No
CUST-01500,Female,0,Yes,Yes,50,Yes,No,DSL,No internet service,Yes,No,Yes,Yes,Yes,One year,No,Credit card (automatic),90.1,4519.54,No
CUST-01501,Female,0,No,Yes,13,Yes,Yes,Fiber optic,Yes,No internet service,No,No internet service,No,No,Two year,Yes,Credit card (automatic),71.43,928.59,No
CUST-01502,Male,0,Yes,No,1,Yes,Yes,DSL,No internet service,Yes,No internet service,Yes,Yes,No,One year,No,Credit card (automatic),103.34,117.87,No
CUST-01503,Male,1,No,Yes,31,Yes,Yes,DSL,No,Yes,No,Yes,Yes,No internet service,Month-to-month,No,Credit card (automatic),70.18,2175.58,Yes
CUST-01504,Male,0,No,No,19,Yes,No,No,No internet service,No,Yes,No internet service,No,No internet service,Month-to-month,No,Electronic check,77.84,1478.96,Yes
CUST-01505,Female,0,No,No,2,Yes,No,Fiber optic,No,No,No,No,No,Yes,One year,Yes,Electronic check,36.47,108.51,Yes
CUST-01506,Male,0,Yes,No,56,Yes,No,DSL,No,No internet service,No,No,No,No internet service,Two year,Yes,Bank transfer (automatic),100.44,5635.4,No
CUST-01507,Female,1,Yes,Yes,43,Yes,No,Fiber optic,No,Yes,No,Yes,No,No,One year,Yes,Bank transfer (automatic),59.02,2542.4,Yes
CUST-01508,Male,1,No,No,66,Yes,Yes,Fiber optic,Yes,Yes,Yes,No,No internet service,Yes,Month-to-month,Yes,Credit card (automatic),77.13,5097.69,Yes
CUST-01509,Female,0,No,No,35,No,Yes,No,No,No,No,No internet service,No,No internet service,One year,No,Bank transfer (automatic),104.3,3650.5,No
CUST-01510,Female,0,Yes,No,31,Yes,No,Fiber optic,No internet service,Yes,No internet service,No,No,No,Two year,Yes,Mailed check,66.9,2073.9,No
CUST-01511,Male,0,Yes,Yes,61,Yes,No,DSL,No internet service,Yes,No,Yes,No,No,Two year,No,Credit card (automatic),46.0,2806.0,No
CUST-01512,Male,0,Yes,No,5,Yes,No,DSL,No internet service,Yes,No,Yes,No internet service,No,Month-to-month,Yes,Bank transfer (automatic),45.07,237.69,No
CUST-01513,Female,0,Yes,No,26,Yes,Yes,DSL,No,Yes,No internet service,No,No,No internet service,Month-to-month,Yes,Bank transfer (automatic),75.77,1970.02,No
CUST-01514,Male,0,Yes,No,58,No,Yes,Fiber optic,No,No,Yes,No,No internet service,No,Month-to-month,Yes,Mailed check,47.7,2766.6,No
CUST-01515,Male,0,Yes,Yes,21,Yes,No phone service,Fiber optic,No,Yes,No,No internet service,No,No internet service,Two year,Yes,Credit card (automatic),52.53,1103.13,No
CUST-01516,Female,0,Yes,No,64,Yes,Yes,Fiber optic,No,No,No,Yes,Yes,Yes,Month-to-month,No,Electronic check,41.95,2684.8,No
CUST-01517,Male,0,Yes,Yes,20,No,Yes,Fiber optic,No,No,No,Yes,No,No internet service,Two year,No,Credit card (automatic),63.52,1270.4,No
CUST-01518,Male,0,No,Yes,30,Yes,No,DSL,Yes,No,No internet service,No internet service,No,No,Month-to-month,No,Credit card (automatic),65.54,1984.68,Yes
CUST-01519,Male,0,Yes,Yes,65,Yes,No,DSL,Yes,No,No,No internet service,Yes,No,Two year,No,Bank transfer (automatic),71.64,4679.09,No
CUST-01520,Male,0,Yes,No,17,Yes,No phone service,DSL,No,No,Yes,No,No,No internet service,Month-to-month,Yes,Credit card (automatic),78.47,1333.99,Yes
CUST-01521,Female,0,Yes,No,70,Yes,No phone service,Fiber optic,No,No internet service,No,No internet service,Yes,Yes,One year,No,Credit card (automatic),77.97,5464.03,No
CUST-01522,Female,0,No,Yes,3,Yes,No,Fiber optic,No,Yes,Yes,Yes,No internet service,Yes,One year,Yes,Electronic check,55.46,166.38,Yes
CUST-01523,Male,0,Yes,No,19,No,Yes,No,Yes,No internet service,No internet service,No,No,No internet service,Two year,Yes,Electronic check,109.87,2088.66,No
CUST-01524,Male,0,Yes,No,43,Yes,No,DSL,No internet service,Yes,Yes,Yes,Yes,No internet service,Two year,Yes,Electronic check,70.19,3037.24,No
CUST-01525,Female,1,Yes,Yes,43,Yes,No,Fiber optic,No internet service,No,No,No,No,No,Month-to-month,Yes,Mailed check,102.88,4423.84,No
CUST-01526,Male,0,Yes,No,66,Yes,No,DSL,No,No,No,No internet service,No,No,Month-to-month,No,Bank transfer (automatic),74.85,4966.41,No
CUST-01527,Male,1,Yes,No,70,Yes,No phone service,Fiber optic,No internet service,Yes,Yes,No internet service,No,Yes,Month-to-month,Yes,Electronic check,55.8,3922.74,No
CUST-01528,Male,1,Yes,Yes,49,Yes,No,DSL,No internet service,Yes,Yes,Yes,No,No,One year,Yes,Electronic check,93.34,4578.49,Yes
CUST-01529,Male,0,No,No,48,Yes,Yes,Fiber optic,Yes,Yes,No,No,Yes,No,One year,Yes,Bank transfer (automatic),36.05,1730.4,Yes
CUST-01530,Female,0,Yes,No,23,Yes,No,DSL,Yes,Yes,Yes,No internet service,Yes,No internet service,Month-to-month,Yes,Bank transfer (automatic),116.91,2688.93,Yes
CUST-01531,Male,0,Yes,No,58,Yes,No,DSL,Yes,No,No internet service,No,No,No,Two year,No,Mailed check,76.37,4429.46,No
CUST-01532,Male,0,No,No,46,Yes,Yes,Fiber optic,Yes,Yes,No internet service,No,No,No,Month-to-month,Yes,Bank transfer (automatic),28.62,1316.52,Yes
CUST-01533,Female,0,No,No,1,Yes,Yes,Fiber optic,No,No internet service,Yes,No,No,No,Month-to-month,Yes,Bank transfer (automatic),60.98,80.88,Yes
CUST-01534,Male,0,No,No,60,No,No,Fiber optic,Yes,No internet service,No internet service,No,Yes,No internet service,Month-to-month,No,Mailed check,90.68,5471.07,Yes
CUST-01535,Female,1,Yes,No,26,Yes,Yes,DSL,No internet service,Yes,Yes,No,No internet service,No,One year,No,Electronic check,24.95,648.7,No
CUST-01536,Male,0,Yes,No,34,Yes,Yes,No,No,Yes,Yes,No,No,Yes,Month-to-month,Yes,Credit card (automatic),44.66,1519.8,Yes
CUST-01537,Male,0,Yes,Yes,35,Yes,No,DSL,No,No,Yes,No,No,No,Two year,Yes,Bank transfer (automatic),112.29,3930.15,No
CUST-01538,Male,0,No,No,59,No,No,Fiber optic,No internet service,No internet service,No internet service,No,Yes,No,One year,No,Electronic check,54.33,3205.47,Yes
CUST-01539,Female,0,Yes,No,19,Yes,No,No,No internet service,No,No,No,No,Yes,One year,Yes,Electronic check,34.23,655.57,Yes
CUST-01540,Female,0,No,Yes,28,Yes,No phone service,Fiber optic,No,Yes,Yes,Yes,No internet service,No,Month-to-month,Yes,Mailed check,28.04,785.12,No
CUST-01541,Male,0,No,No,2,Yes,No phone service,DSL,No internet service,No internet service,No,Yes,Yes,Yes,Two year,Yes,Electronic check,81.14,162.28,No
CUST-01542,Male,0,No,No,25,Yes,No,Fiber optic,No internet service,No,No,No,No,No,Two year,Yes,Credit card (automatic),74.93,1907.63,No
CUST-01543,Male,0,Yes,No,6,Yes,Yes,DSL,No,No,No,No internet service,No,No,Month-to-month,No,Credit card (automatic),84.07,504.42,Yes
CUST-01544,Female,0,No,No,42,No,No,Fiber optic,No internet service,No internet service,No,No internet service,Yes,No,Month-to-month,No,Electronic check,115.72,4860.24,Yes
CUST-01545,Male,0,Yes,No,65,Yes,Yes,Fiber optic,Yes,No internet service,No internet service,Yes,Yes,No,Month-to-month,Yes,Electronic check,24.13,1571.01,Yes
CUST-01546,Female,0,No,Yes,33,Yes,No,Fiber optic,No,No,No,No,No,No,Month-to-month,No,Mailed check,38.16,1259.28,Yes
CUST-01547,Female,1,No,No,66,Yes,No,No,No,Yes,Yes,No,Yes,Yes,Month-to-month,No,Credit card (automatic),41.85,2770.54,No
CUST-01548,Female,0,No,No,71,Yes,Yes,DSL,Yes,No,No internet service,No,Yes,Yes,One year,Yes,Bank transfer (automatic),61.56,4370.76,Yes
CUST-01549,Male,0,Yes,No,3,Yes,No,DSL,Yes,Yes,Yes,No,No internet service,No,Month-to-month,No,Credit card (automatic),30.34,97.31,Yes
CUST-01550,Male,0,No,No,37,Yes,No,Fiber optic,Yes,No,No,No internet service,No,No internet service,Two year,No,Electronic check,59.81,2231.84,No
CUST-01551,Male,0,Yes,Yes,38,Yes,No phone service,Fiber optic,No,Yes,No,Yes,No,Yes,Month-to-month,Yes,Electronic check,101.25,3847.5,Yes
CUST-01552,Female,0,Yes,Yes,28,Yes,Yes,Fiber optic,Yes,No,Yes,No,No,Yes,One year,Yes,Mailed check,34.69,971.32,No
CUST-01553,Female,0,Yes,No,60,Yes,No phone service,Fiber optic,No,No,Yes,No,No,No internet service,Two year,No,Credit card (automatic),111.49,6706.19,No
CUST-01554,Female,1,No,Yes,28,Yes,Yes,Fiber optic,No internet service,No internet service,No,No,No,Yes,Month-to-month,No,Credit card (automatic),110.95,3106.6,Yes
CUST-01555,Male,0,No,No,4,Yes,No,No,No,No internet service,No internet service,Yes,Yes,No internet service,Month-to-month,Yes,Mailed check,70.32,281.28,Yes
CUST-01556,Male,0,Yes,No,39,Yes,No phone service,Fiber optic,No,Yes,No internet service,No,Yes,No internet service,Month-to-month,Yes,Mailed check,105.74,4123.86,Yes
CUST-01557,Female,0,No,No,14,Yes,Yes,DSL,Yes,Yes,No,Yes,No,Yes,Month-to-month,No,Electronic check,90.57,1267.98,Yes
CUST-01558,Female,0,No,No,25,Yes,Yes,DSL,No internet service,No,Yes,No,No internet service,Yes,Two year,Yes,Mailed check,54.39,1359.75,No
CUST-01559,Female,0,Yes,No,36,Yes,No,Fiber optic,Yes,Yes,Yes,No,No,No internet service,Two year,No,Bank transfer (automatic),75.3,2710.8,No
CUST-01560,Female,0,No,Yes,52,Yes,No,DSL,No,Yes,No,No,No internet service,Yes,One year,No,Electronic check,29.89,1563.46,No
CUST-01561,Male,0,No,No,20,Yes,Yes,DSL,No,No,No,No internet service,No,No,Two year,Yes,Credit card (automatic),68.57,1392.65,No
CUST-01562,Male,0,Yes,No,27,Yes,No,DSL,No internet service,No,No,No internet service,No,Yes,Month-to-month,No,Bank transfer (automatic),102.66,2771.82,No
CUST-01563,Male,0,Yes,Yes,4,Yes,No,Fiber optic,No internet service,Yes,Yes,No,No,No,Month-to-month,No,Mailed check,77.69,329.75,Yes
CUST-01564,Female,0,No,Yes,28,Yes,Yes,No,No,No,Yes,No internet service,Yes,No internet service,Month-to-month,Yes,Mailed check,56.97,1595.16,No
CUST-01565,Female,0,Yes,No,42,Yes,No,Fiber optic,No,No internet service,No,No internet service,No,No,One year,Yes,Mailed check,85.68,3598.56,No
CUST-01566,Male,0,No,Yes,45,Yes,No,DSL,No,No,No,Yes,Yes,Yes,Month-to-month,Yes,Credit card (automatic),117.64,5302.01,No
CUST-01567,Female,0,Yes,No,21,Yes,Yes,Fiber optic,No,Yes,No,No,No,No,Month-to-month,No,Bank transfer (automatic),24.88,531.03,Yes
CUST-01568,Female,0,Yes,Yes,4,Yes,No,Fiber optic,Yes,No,Yes,No,Yes,No,Two year,No,Electronic check,51.7,206.8,Yes
CUST-01569,Female,0,Yes,Yes,42,Yes,Yes,No,Yes,No internet service,No internet service,No,No internet service,Yes,Month-to-month,Yes,Mailed check,33.91,1437.75,Yes
CUST-01570,Female,1,No,No,47,Yes,No phone service,Fiber optic,No internet service,Yes,No,No internet service,Yes,No,Month-to-month,No,Credit card (automatic),115.61,5433.67,No
CUST-01571,Male,0,No,Yes,6,Yes,No,Fiber optic,No internet service,No,No,No,No,No,Month-to-month,No,Mailed check,73.68,442.08,Yes
CUST-01572,Male,0,No,Yes,36,No,No,No,No,No,No,Yes,Yes,Yes,Month-to-month,Yes,Credit card (automatic),31.23,1143.58,Yes
CUST-01573,Female,0,Yes,No,6,Yes,No,Fiber optic,Yes,No,No,No,Yes,No internet service,Month-to-month,Yes,Bank transfer (automatic),80.44,501.88,Yes
CUST-01574,Female,0,No,No,33,Yes,Yes,DSL,Yes,Yes,No,No,Yes,No,Month-to-month,No,Credit card (automatic),69.04,2295.04,Yes
CUST-01575,Male,0,No,No,46,No,No,Fiber optic,No,No internet service,No,No,No,Yes,Month-to-month,Yes,Bank transfer (automatic),24.05,1126.71,Yes
CUST-01576,Male,0,Yes,Yes,52,Yes,No,Fiber optic,Yes,Yes,No,Yes,No,Yes,Two year,No,Bank transfer (automatic),106.18,5521.36,No
CUST-01577,Female,0,No,No,52,Yes,No,Fiber optic,No,Yes,No,No,No,Yes,Month-to-month,Yes,Mailed check,90.34,4697.68,Yes
CUST-01578,Female,1,Yes,No,55,Yes,No,No,Yes,Yes,Yes,No,No internet service,Yes,One year,Yes,Electronic check,18.53,1019.15,No
CUST-01579,Male,0,No,No,17,Yes,Yes,DSL,Yes,No,No internet service,Yes,Yes,Yes,One year,Yes,Credit card (automatic),115.89,1982.85,No
CUST-01580,Female,1,No,No,61,Yes,Yes,Fiber optic,Yes,Yes,Yes,No,No internet service,No internet service,Two year,Yes,Mailed check,34.25,2105.24,Yes
CUST-01581,Male,0,Yes,No,25,Yes,No,DSL,No,No,Yes,Yes,Yes,No,Two year,No,Electronic check,18.03,450.75,Yes
CUST-01582,Male,0,Yes,No,27,Yes,Yes,DSL,No,No internet service,No,No,No internet service,Yes,Month-to-month,Yes,Mailed check,61.58,1662.66,Yes
CUST-01583,Female,0,No,No,57,Yes,No,Fiber optic,No,Yes,Yes,Yes,No internet service,No,Month-to-month,Yes,Mailed check,32.36,1844.52,No
CUST-01584,Male,0,Yes,No,23,Yes,No,Fiber optic,No,No internet service,No internet service,Yes,No internet service,No,Month-to-month,Yes,Electronic check,76.16,1751.68,No
CUST-01585,Female,0,Yes,No,5,Yes,No,Fiber optic,No,No internet service,No,No,Yes,No,Month-to-month,No,Credit card (automatic),49.77,248.85,Yes
CUST-01586,Male,0,Yes,No,52,Yes,No,DSL,No,Yes,Yes,Yes,No,No internet service,Two year,Yes,Mailed check,36.89,1918.28,Yes
CUST-01587,Female,0,No,No,48,Yes,No,DSL,No,No,Yes,Yes,No internet service,Yes,One year,No,Mailed check,118.51,5689.44,No
CUST-01588,Male,0,Yes,Yes,42,Yes,No phone service,Fiber optic,Yes,No internet service,Yes,No,No,Yes,Month-to-month,Yes,Bank transfer (automatic),51.94,2181.48,Yes
CUST-01589,Female,0,Yes,No,10,Yes,Yes,Fiber optic,No,No internet service,Yes,Yes,Yes,Yes,Month-to-month,Yes,Bank transfer (automatic),60.3,603.0,No
CUST-01590,Male,0,No,No,46,Yes,No,Fiber optic,No,No,Yes,Yes,No,Yes,Two year,No,Mailed check,48.01,2208.46,No
CUST-01591,Female,0,Yes,No,14,Yes,Yes,Fiber optic,No internet service,No internet service,Yes,No,Yes,No,Month-to-month,Yes,Credit card (automatic),103.37,1447.18,No
CUST-01592,Male,1,No,No,40,Yes,No,No,No internet service,No,Yes,No,No,Yes,Month-to-month,No,Credit card (automatic),38.07,1522.8,Yes
CUST-01593,Male,0,No,No,37,Yes,No,Fiber optic,No,Yes,No,No,Yes,No,Two year,No,Mailed check,31.02,1161.85,Yes
CUST-01594,Male,0,No,Yes,56,Yes,No,Fiber optic,No internet service,Yes,Yes,No internet service,No,No internet service,One year,No,Bank transfer (automatic),107.91,6042.96,No
CUST-01595,Female,0,Yes,No,71,Yes,No,Fiber optic,Yes,No,Yes,No,No,No internet service,Month-to-month,Yes,Electronic check,36.7,2669.04,Yes
CUST-01596,Male,1,No,No,13,Yes,No,Fiber optic,No,No,Yes,No,Yes,No,Month-to-month,No,Mailed check,105.51,1371.63,Yes
CUST-01597,Female,0,No,No,8,Yes,Yes,No,Yes,Yes,Yes,No internet service,Yes,No,One year,Yes,Mailed check,76.97,624.52,Yes
CUST-01598,Female,0,Yes,No,40,Yes,No,Fiber optic,Yes,Yes,Yes,No,No internet service,No,Month-to-month,Yes,Mailed check,101.98,4079.2,Yes
CUST-01599,Female,1,Yes,No,69,Yes,Yes,Fiber optic,No,No internet service,Yes,No,No,No,Two year,Yes,Credit card (automatic),25.16,1736.04,Yes
CUST-01600,Female,1,Yes,No,11,Yes,No,Fiber optic,No,No,No,No,No,No,Two year,Yes,Bank transfer (automatic),116.29,1310.44,No
CUST-01601,Male,0,Yes,No,35,Yes,No,Fiber optic,No,Yes,No internet service,No,No,Yes,One year,Yes,Mailed check,48.58,1720.25,No
CUST-01602,Female,0,Yes,Yes,29,Yes,No,No,No internet service,Yes,Yes,No internet service,No,Yes,One year,No,Mailed check,23.98,695.42,No
CUST-01603,Female,0,Yes,No,23,Yes,No,No,No,Yes,Yes,Yes,No,No,Two year,Yes,Bank transfer (automatic),96.02,2208.46,No
CUST-01604,Male,0,Yes,No,48,No,No,DSL,No internet service,Yes,No,No internet service,No,No,Month-to-month,Yes,Electronic check,36.2,1737.6,No
CUST-01605,Male,0,Yes,No,21,Yes,No,DSL,No internet service,No,No,No,Yes,Yes,Month-to-month,Yes,Electronic check,53.81,1130.01,No
CUST-01606,Female,0,Yes,No,35,Yes,Yes,Fiber optic,No internet service,Yes,Yes,No,No,Yes,Two year,No,Bank transfer (automatic),78.65,2752.75,Yes
CUST-01607,Male,0,No,Yes,61,Yes,Yes,Fiber optic,Yes,No internet service,No,No,Yes,No,Month-to-month,Yes,Mailed check,25.0,1527.32,Yes
CUST-01608,Female,0,Yes,No,27,Yes,No phone service,No,No,Yes,No,Yes,No internet service,Yes,One year,No,Bank transfer (automatic),38.6,1042.2,No
CUST-01609,Male,0,Yes,No,1,Yes,No phone service,DSL,No,Yes,No internet service,Yes,No,No,Month-to-month,Yes,Credit card (automatic),67.89,70.43,Yes
CUST-01610,Male,0,Yes,No,64,Yes,No,No,No internet service,No internet service,No internet service,No internet service,Yes,Yes,Month-to-month,No,Mailed check,61.03,3920.52,Yes
CUST-01611,Female,1,Yes,Yes,20,Yes,Yes,Fiber optic,Yes,No,No,No,No,Yes,Month-to-month,Yes,Bank transfer (automatic),74.87,1514.85,No
CUST-01612,Male,0,Yes,No,56,Yes,Yes,DSL,No,No,No,No internet service,Yes,No,Two year,No,Mailed check,92.32,5169.92,No
CUST-01613,Female,0,Yes,Yes,55,Yes,No,DSL,No,Yes,No,No,No,Yes,Month-to-month,Yes,Credit card (automatic),54.01,3000.77,Yes
CUST-01614,Female,0,No,No,38,Yes,Yes,Fiber optic,Yes,No,No internet service,Yes,No internet service,Yes,Month-to-month,Yes,Electronic check,59.25,2258.13,Yes
CUST-01615,Male,0,No,No,6,Yes,No,DSL,No internet service,No,No,No,No,No internet service,Month-to-month,No,Bank transfer (automatic),45.78,291.6,Yes
CUST-01616,Male,0,No,Yes,69,Yes,Yes,No,Yes,No internet service,Yes,Yes,No,No,Month-to-month,No,Mailed check,52.65,3632.85,Yes
CUST-01617,Female,0,No,No,49,Yes,Yes,Fiber optic,No,No,Yes,No,No,No,One year,Yes,Credit card (automatic),23.2,1167.23,No
CUST-01618,Female,1,No,No,30,Yes,No,Fiber optic,No,No internet service,No,No internet service,No,No,Two year,Yes,Electronic check,77.17,2315.1,Yes
CUST-01619,Male,0,Yes,No,62,Yes,No phone service,DSL,No,No,No,No internet service,Yes,Yes,One year,No,Electronic check,35.62,2239.98,No
CUST-01620,Female,1,No,Yes,57,Yes,No,No,Yes,No,No internet service,No,No,Yes,One year,Yes,Credit card (automatic),91.06,5217.58,No
CUST-01621,Male,1,No,No,55,No,No,Fiber optic,No,No,Yes,No,No,No,Month-to-month,No,Bank transfer (automatic),22.3,1231.65,No
CUST-01622,Male,1,No,No,12,Yes,No,Fiber optic,No,No,No internet service,No,Yes,Yes,Two year,Yes,Bank transfer (automatic),24.11,297.43,Yes
CUST-01623,Female,0,No,No,46,Yes,No phone service,Fiber optic,No internet service,No,Yes,No,Yes,Yes,Two year,Yes,Credit card (automatic),47.04,2163.84,No
CUST-01624,Male,1,Yes,No,20,Yes,No,Fiber optic,No,No,No,No,Yes,No,Two year,Yes,Mailed check,62.72,1254.4,Yes
CUST-01625,Female,0,No,Yes,5,Yes,No,No,No internet service,Yes,No,No,Yes,Yes,Month-to-month,Yes,Electronic check,88.75,455.65,Yes
CUST-01626,Female,0,No,No,24,Yes,No,Fiber optic,Yes,No,Yes,Yes,Yes,Yes,Month-to-month,Yes,Credit card (automatic),88.6,2137.28,Yes
CUST-01627,Female,0,Yes,No,7,Yes,Yes,Fiber optic,No,Yes,No,Yes,No,No,Month-to-month,Yes,Electronic check,117.28,820.96,Yes
CUST-01628,Female,0,Yes,No,7,No,Yes,DSL,No,No,Yes,No internet service,No,No,Month-to-month,No,Bank transfer (automatic),53.87,377.09,No
CUST-01629,Male,0,No,Yes,53,Yes,No,DSL,No,Yes,Yes,No,No,No,Month-to-month,Yes,Mailed check,24.05,1292.01,No
CUST-01630,Male,0,Yes,No,36,Yes,No,Fiber optic,No,Yes,No internet service,No internet service,Yes,Yes,Two year,No,Electronic check,105.85,3839.91,No
CUST-01631,Female,0,Yes,No,29,Yes,Yes,DSL,Yes,Yes,Yes,No,No,No,Month-to-month,Yes,Credit card (automatic),92.53,2697.88,No
CUST-01632,Female,0,Yes,Yes,14,Yes,Yes,Fiber optic,Yes,Yes,No,No,No internet service,No internet service,Month-to-month,No,Credit card (automatic),24.95,349.3,Yes
CUST-01633,Male,1,No,No,56,Yes,No phone service,No,No internet service,Yes,No,No,Yes,No,Two year,Yes,Electronic check,26.5,1484.0,No
CUST-01634,Female,0,Yes,Yes,46,Yes,No,Fiber optic,No internet service,Yes,Yes,No internet service,Yes,No internet service,Two year,No,Credit card (automatic),66.62,3064.52,No
CUST-01635,Male,0,Yes,Yes,42,Yes,No,DSL,Yes,No,No internet service,Yes,No,No,Month-to-month,No,Credit card (automatic),52.85,2247.68,No
CUST-01636,Female,0,Yes,No,13,Yes,Yes,Fiber optic,No,No,No,No,Yes,Yes,Month-to-month,No,Bank transfer (automatic),78.83,1024.79,No
CUST-01637,Male,0,Yes,Yes,9,Yes,No phone service,DSL,No,No internet service,No internet service,Yes,Yes,Yes,Two year,No,Credit card (automatic),40.35,384.32,No
CUST-01638,Female,0,No,No,9,Yes,No,Fiber optic,No,No internet service,No internet service,Yes,No,No,Two year,Yes,Electronic check,115.85,1042.65,Yes
CUST-01639,Male,0,No,Yes,1,Yes,No,Fiber optic,No,Yes,No,Yes,No,No internet service,One year,Yes,Electronic check,70.24,80.89,Yes
CUST-01640,Male,0,No,No,70,Yes,Yes,Fiber optic,No internet service,No,No internet service,No,No internet service,Yes,Month-to-month,Yes,Credit card (automatic),94.57,6619.9,Yes
CUST-01641,Female,0,No,No,26,Yes,No,Fiber optic,No,No,Yes,No internet service,No internet service,Yes,One year,No,Mailed check,30.83,801.58,Yes
CUST-01642,Male,0,No,No,48,No,No,Fiber optic,No,No,Yes,No internet service,No,No internet service,Two year,Yes,Electronic check,80.93,3884.64,No
CUST-01643,Male,0,Yes,No,71,Yes,No,DSL,No,No,No,No,No,Yes,Month-to-month,No,Credit card (automatic),106.25,7572.61,Yes
CUST-01644,Female,1,No,No,68,Yes,No phone service,DSL,No,No,Yes,No,No internet service,No,Month-to-month,No,Mailed check,20.35,1383.8,No
CUST-01645,Male,0,Yes,No,23,Yes,No,Fiber optic,Yes,No,No,No,No,Yes,Two year,Yes,Credit card (automatic),73.08,1680.84,No
CUST-01646,Male,1,No,Yes,35,Yes,Yes,No,No internet service,No,No,Yes,No internet service,No internet service,One year,Yes,Credit card (automatic),43.17,1510.95,No
CUST-01647,Male,0,No,No,33,Yes,No,DSL,Yes,No,Yes,No internet service,No,Yes,Month-to-month,Yes,Mailed check,66.8,2204.4,Yes
CUST-01648,Female,0,Yes,Yes,2,Yes,No,DSL,No internet service,Yes,No internet service,No,Yes,No,One year,Yes,Credit card (automatic),101.23,202.46,No
CUST-01649,Female,0,No,No,56,Yes,Yes,DSL,No internet service,No internet service,Yes,No,Yes,No,One year,Yes,Mailed check,88.39,4962.81,No
CUST-01650,Female,1,No,Yes,41,Yes,Yes,Fiber optic,No,No internet service,Yes,Yes,Yes,No internet service,Month-to-month,Yes,Bank transfer (automatic),94.96,3893.36,No
CUST-01651,Male,1,Yes,No,27,Yes,No,DSL,No,Yes,No,Yes,No internet service,No internet service,Month-to-month,No,Mailed check,39.59,1092.25,Yes
CUST-01652,Male,0,No,No,40,No,No,Fiber optic,Yes,No,No,No,Yes,No internet service,Month-to-month,No,Electronic check,102.92,4116.8,Yes
CUST-01653,Male,0,Yes,No,53,No,No,DSL,No,No internet service,No internet service,No internet service,No,Yes,Two year,Yes,Electronic check,80.63,4293.92,Yes
CUST-01654,Female,0,Yes,No,1,Yes,Yes,Fiber optic,No,No,Yes,No,No,No,Month-to-month,Yes,Mailed check,25.07,25.07,Yes
CUST-01655,Male,0,Yes,Yes,47,Yes,Yes,DSL,Yes,Yes,No internet service,No,No internet service,No internet service,Two year,No,Bank transfer (automatic),106.0,4982.0,No
CUST-01656,Male,1,Yes,Yes,62,Yes,Yes,Fiber optic,Yes,No,No,No,No,No,Month-to-month,Yes,Credit card (automatic),23.69,1468.78,No
CUST-01657,Female,0,No,No,53,Yes,No,DSL,No internet service,No,No internet service,No,Yes,No internet service,Two year,No,Electronic check,20.93,1109.29,Yes
CUST-01658,Female,0,No,No,45,Yes,No,Fiber optic,No,Yes,Yes,No,Yes,No internet service,Two year,Yes,Bank transfer (automatic),103.04,4636.8,No
CUST-01659,Female,0,No,Yes,6,Yes,No,No,No,No,No,Yes,No,Yes,Two year,No,Bank transfer (automatic),19.33,124.25,No
CUST-01660,Male,0,No,No,54,Yes,No,DSL,Yes,No,No,No,No internet service,Yes,Two year,No,Credit card (automatic),27.02,1459.08,No
CUST-01661,Female,1,No,No,54,Yes,Yes,No,No,Yes,No,No,No,Yes,Month-to-month,No,Credit card (automatic),19.73,1068.26,Yes
CUST-01662,Female,0,Yes,Yes,36,Yes,No,DSL,No,No internet service,Yes,No,No,No,Month-to-month,No,Electronic check,107.79,3890.99,No
CUST-01663,Male,0,Yes,No,42,No,No phone service,Fiber optic,No internet service,Yes,No,No,No internet service,No,Month-to-month,Yes,Electronic check,22.56,947.52,No
CUST-01664,Female,0,No,Yes,45,No,No,Fiber optic,No,No,No,Yes,No,Yes,One year,Yes,Credit card (automatic),56.01,2531.85,Yes
CUST-01665,Female,0,No,Yes,8,Yes,Yes,DSL,Yes,No,No,No internet service,Yes,No,Month-to-month,No,Bank transfer (automatic),40.13,321.04,Yes
CUST-01666,Male,0,Yes,No,18,Yes,No,Fiber optic,No,Yes,No,No internet service,No internet service,Yes,Month-to-month,No,Electronic check,52.85,951.3,Yes
CUST-01667,Female,1,No,Yes,57,Yes,Yes,DSL,Yes,No,Yes,No internet service,No,No,Month-to-month,Yes,Credit card (automatic),47.64,2715.48,No
CUST-01668,Female,0,Yes,No,71,Yes,Yes,Fiber optic,No internet service,No,No internet service,No internet service,No internet service,No,Two year,Yes,Mailed check,108.56,7720.85,No
CUST-01669,Female,0,Yes,No,19,Yes,Yes,Fiber optic,Yes,No,No,No,No,No,Month-to-month,Yes,Mailed check,96.41,1831.79,Yes
CUST-01670,Female,0,Yes,No,29,Yes,Yes,No,Yes,No,No,No,No,Yes,Month-to-month,Yes,Credit card (automatic),108.27,3139.83,No
CUST-01671,Female,0,Yes,No,66,Yes,Yes,DSL,No,No internet service,No internet service,No,Yes,No,One year,Yes,Credit card (automatic),91.44,6035.04,Yes
CUST-01672,Female,0,Yes,No,11,Yes,No,No,Yes,No internet service,No,Yes,No,No internet service,Month-to-month,Yes,Mailed check,51.7,568.7,Yes
CUST-01673,Male,0,No,No,19,No,Yes,DSL,No,Yes,Yes,No internet service,Yes,No,Two year,Yes,Bank transfer (automatic),36.96,702.24,No
CUST-01674,Female,0,No,No,4,Yes,No,Fiber optic,No,No,No,Yes,No,No internet service,One year,No,Bank transfer (automatic),72.04,304.4,No
CUST-01675,Female,0,No,No,17,Yes,No phone service,DSL,No internet service,No,No internet service,No,Yes,Yes,Two year,Yes,Electronic check,54.38,924.46,Yes
CUST-01676,Female,0,Yes,No,46,Yes,No,DSL,Yes,No internet service,Yes,No,Yes,Yes,Month-to-month,No,Bank transfer (automatic),83.63,3866.3,No
CUST-01677,Male,0,No,Yes,25,Yes,No,DSL,No,No internet service,No,No internet service,Yes,Yes,Month-to-month,No,Electronic check,21.97,556.84,Yes
CUST-01678,Male,0,No,No,71,Yes,No,Fiber optic,No,No,Yes,No,No,No,One year,Yes,Credit card (automatic),90.72,6441.12,No
CUST-01679,Female,0,Yes,No,65,Yes,Yes,DSL,Yes,No internet service,No internet service,No,No,Yes,Month-to-month,No,Credit card (automatic),48.56,3156.4,Yes
CUST-01680,Female,0,Yes,No,65,Yes,No,Fiber optic,No,No,No,No,No,No internet service,Two year,Yes,Electronic check,65.15,4264.96,Yes
CUST-01681,Female,0,Yes,No,53,Yes,No,No,No internet service,Yes,No internet service,No,No,No,Two year,No,Bank transfer (automatic),117.82,6269.01,No
CUST-01682,Male,1,No,No,51,Yes,No,DSL,No,No,No,No,No,No internet service,Month-to-month,Yes,Electronic check,39.99,2055.97,Yes
CUST-01683,Male,0,No,Yes,37,Yes,No,DSL,No internet service,No,Yes,No,No,No,Two year,Yes,Electronic check,30.0,1129.11,No
CUST-01684,Female,0,No,No,72,Yes,No,DSL,No,No,No,No,Yes,No,Month-to-month,Yes,Bank transfer (automatic),39.4,2846.1,No
CUST-01685,Male,0,No,No,6,Yes,No,DSL,No,No,No internet service,Yes,No,No,Month-to-month,No,Credit card (automatic),53.85,329.8,No
CUST-01686,Female,0,No,Yes,52,Yes,No,Fiber optic,No internet service,No internet service,Yes,No,No internet service,No,Month-to-month,Yes,Credit card (automatic),72.7,3781.39,No
CUST-01687,Male,0,Yes,Yes,10,Yes,No,Fiber optic,Yes,No internet service,Yes,No internet service,No,No,One year,Yes,Mailed check,117.98,1213.78,No
CUST-01688,Male,0,No,Yes,24,Yes,No,DSL,No,Yes,No,No,No internet service,Yes,Two year,No,Credit card (automatic),106.73,2561.52,No
CUST-01689,Female,0,Yes,No,18,Yes,No,DSL,No,No,No,No,Yes,No internet service,Month-to-month,Yes,Bank transfer (automatic),90.93,1641.55,No
CUST-01690,Male,0,No,No,43,Yes,No phone service,Fiber optic,No internet service,No,Yes,No,No,No,One year,No,Mailed check,91.49,3934.07,Yes
CUST-01691,Female,1,No,No,57,Yes,No,DSL,No internet service,Yes,Yes,No internet service,No,No,Month-to-month,No,Mailed check,46.95,2676.15,Yes
CUST-01692,Female,0,No,Yes,5,Yes,No,Fiber optic,Yes,No internet service,Yes,Yes,No,Yes,Month-to-month,Yes,Bank transfer (automatic),112.65,599.55,No
CUST-01693,Female,1,Yes,No,43,Yes,Yes,No,No,No,No,No,No,Yes,One year,Yes,Mailed check,73.03,3152.63,Yes
CUST-01694,Male,1,No,No,16,Yes,Yes,DSL,Yes,Yes,No,No internet service,Yes,Yes,Two year,Yes,Mailed check,34.58,553.28,No
CUST-01695,Male,1,No,No,5,Yes,No,Fiber optic,No,No internet service,No,No,No,No,One year,No,Mailed check,114.93,576.22,Yes
CUST-01696,Female,0,No,Yes,30,Yes,Yes,No,No,No,No internet service,No,No,Yes,Two year,No,Mailed check,69.67,2090.1,No
CUST-01697,Male,0,No,Yes,42,Yes,No,Fiber optic,Yes,Yes,Yes,No,No,No internet service,Month-to-month,Yes,Mailed check,33.86,1422.12,Yes
CUST-01698,Male,0,Yes,No,14,Yes,No,Fiber optic,No internet service,Yes,No,No,Yes,No internet service,Month-to-month,No,Electronic check,92.99,1301.86,Yes
CUST-01699,Male,0,Yes,No,28,Yes,No,Fiber optic,No,No,No,No internet service,Yes,Yes,Month-to-month,Yes,Credit card (automatic),41.85,1171.8,Yes
CUST-01700,Female,1,Yes,Yes,69,Yes,No,Fiber optic,No,No internet service,No,No,No internet service,No,Two year,Yes,Mailed check,37.14,2576.27,Yes
CUST-01701,Male,0,No,No,25,Yes,No,Fiber optic,No internet service,No,No,No internet service,Yes,Yes,Month-to-month,Yes,Mailed check,45.29,1141.32,Yes
CUST-01702,Male,0,Yes,Yes,72,Yes,Yes,Fiber optic,No,Yes,No,No internet service,No,Yes,Month-to-month,No,Electronic check,76.98,5574.34,No
CUST-01703,Female,0,No,Yes,60,Yes,Yes,Fiber optic,No,Yes,No internet service,No,Yes,Yes,Two year,Yes,Bank transfer (automatic),47.84,2876.29,Yes
CUST-01704,Male,0,Yes,No,27,Yes,No,Fiber optic,Yes,No,Yes,No,No,No internet service,Month-to-month,No,Mailed check,22.16,598.32,No
CUST-01705,Female,0,No,No,42,Yes,Yes,Fiber optic,Yes,No,Yes,No,No,No internet service,One year,Yes,Electronic check,57.52,2454.85,No
CUST-01706,Female,0,Yes,No,51,Yes,No,No,Yes,No,No,No internet service,No internet service,Yes,Two year,No,Mailed check,41.91,2137.41,No
CUST-01707,Female,1,No,No,33,Yes,No phone service,DSL,No,Yes,No,No,No,Yes,Month-to-month,No,Credit card (automatic),70.17,2318.85,Yes
CUST-01708,Female,0,Yes,No,29,Yes,No,DSL,No,No,Yes,Yes,Yes,No,Month-to-month,Yes,Credit card (automatic),64.88,1883.56,Yes
CUST-01709,Male,0,Yes,Yes,24,Yes,No,DSL,No,No,No internet service,No internet service,Yes,No,Two year,Yes,Credit card (automatic),25.96,627.86,No
CUST-01710,Male,0,No,No,10,Yes,No,DSL,No,No,No internet service,No,Yes,Yes,One year,No,Electronic check,43.02,431.16,No
CUST-01711,Male,1,Yes,No,1,Yes,No,Fiber optic,Yes,Yes,No,No internet service,No,No internet service,Month-to-month,Yes,Bank transfer (automatic),46.71,48.02,Yes
CUST-01712,Male,0,Yes,No,24,Yes,No,DSL,No,No,No,No,No internet service,No internet service,Two year,Yes,Credit card (automatic),67.44,1618.56,No
CUST-01713,Female,0,Yes,No,58,Yes,No,Fiber optic,No internet service,No,Yes,No,Yes,No,Month-to-month,No,Bank transfer (automatic),101.87,5960.2,No
CUST-01714,Female,0,No,No,17,Yes,Yes,Fiber optic,Yes,No,No,No,No,No internet service,Two year,Yes,Credit card (automatic),40.3,698.13,No
CUST-01715,Female,1,Yes,Yes,13,Yes,No,DSL,No,Yes,No,No,No,No,One year,No,Electronic check,34.14,444.86,Yes
CUST-01716,Female,0,Yes,Yes,23,Yes,Yes,DSL,Yes,Yes,No internet service,Yes,No,No,Month-to-month,Yes,Mailed check,18.1,453.14,No
CUST-01717,Female,0,No,No,43,Yes,No,Fiber optic,No,No,No,No,No,No internet service,Two year,Yes,Mailed check,79.86,3433.98,No
CUST-01718,Male,1,No,No,15,Yes,No,Fiber optic,No,Yes,Yes,No,No,No,Month-to-month,No,Bank transfer (automatic),51.22,785.67,No
CUST-01719,Male,0,Yes,Yes,16,Yes,Yes,Fiber optic,Yes,No,Yes,No internet service,Yes,No,Two year,No,Electronic check,86.36,1381.76,No
CUST-01720,Female,0,Yes,Yes,8,Yes,No,DSL,No,No,Yes,Yes,No,Yes,Two year,Yes,Mailed check,88.39,715.17,Yes
CUST-01721,Male,0,Yes,No,24,Yes,Yes,DSL,No internet service,Yes,No internet service,Yes,No,No,Two year,Yes,Bank transfer (automatic),22.56,549.93,No
CUST-01722,Female,0,Yes,Yes,15,Yes,Yes,DSL,Yes,No,No internet service,No,No,Yes,Month-to-month,Yes,Electronic check,60.68,910.2,No
CUST-01723,Female,0,No,Yes,60,Yes,Yes,DSL,No,No,No internet service,Yes,Yes,Yes,Month-to-month,Yes,Mailed check,116.73,7003.8,Yes
CUST-01724,Female,0,Yes,No,66,Yes,Yes,No,No,Yes,No internet service,Yes,No,No,Month-to-month,No,Bank transfer (automatic),46.06,3071.69,No
CUST-01725,Female,0,No,No,27,Yes,No phone service,DSL,Yes,No internet service,Yes,No,No internet service,Yes,Month-to-month,Yes,Electronic check,72.01,1944.27,Yes
CUST-01726,Female,0,No,No,6,No,No phone service,DSL,No,No,No,No,No,Yes,Month-to-month,Yes,Bank transfer (automatic),72.86,477.19,No
CUST-01727,Female,0,Yes,No,6,No,No,No,No,No internet service,No,No,Yes,Yes,One year,Yes,Mailed check,44.58,293.68,No
CUST-01728,Female,0,Yes,No,23,Yes,No,Fiber optic,Yes,Yes,Yes,No,No internet service,No internet service,Month-to-month,Yes,Mailed check,97.48,2242.04,No
CUST-01729,Male,0,Yes,No,33,Yes,No,Fiber optic,No internet service,No internet service,No,No internet service,Yes,No,Two year,No,Mailed check,18.38,606.54,No
CUST-01730,Male,1,No,Yes,38,Yes,No,Fiber optic,No,No internet service,No,No,No,Yes,Month-to-month,Yes,Credit card (automatic),41.13,1595.91,No
CUST-01731,Female,0,No,Yes,22,Yes,No,No,No,Yes,No internet service,No internet service,Yes,No internet service,Month-to-month,Yes,Bank transfer (automatic),78.44,1767.74,No
CUST-01732,Female,0,Yes,No,25,Yes,Yes,DSL,Yes,No,Yes,Yes,No internet service,No internet service,One year,Yes,Bank transfer (automatic),111.56,2789.0,No
CUST-01733,Female,0,Yes,No,20,Yes,No,DSL,Yes,No,No internet service,No internet service,Yes,Yes,Month-to-month,Yes,Credit card (automatic),18.97,410.16,No
CUST-01734,Female,0,No,No,37,Yes,No phone service,No,No,No,No internet service,No internet service,No,No,One year,Yes,Mailed check,79.29,2954.33,Yes
CUST-01735,Female,0,Yes,Yes,50,Yes,Yes,Fiber optic,No,No,No internet service,Yes,No internet service,Yes,One year,No,Electronic check,18.34,941.05,No
CUST-01736,Female,0,Yes,No,3,Yes,No,No,Yes,No internet service,Yes,No,No,No,One year,Yes,Electronic check,81.53,246.61,No
CUST-01737,Female,0,Yes,No,34,Yes,Yes,DSL,No,No,Yes,No,Yes,No,One year,Yes,Mailed check,59.98,2039.32,No
CUST-01738,Male,0,No,No,47,Yes,Yes,No,No,No internet service,No,No,Yes,Yes,Two year,Yes,Credit card (automatic),62.31,2928.57,Yes
CUST-01739,Male,0,No,No,49,Yes,No,DSL,No,No internet service,Yes,No,Yes,No,Two year,No,Mailed check,116.69,5717.81,No
CUST-01740,Male,0,Yes,No,41,Yes,Yes,Fiber optic,No,No internet service,Yes,No,Yes,Yes,Month-to-month,Yes,Credit card (automatic),87.59,3629.41,Yes
CUST-01741,Male,0,Yes,No,38,Yes,No phone service,No,No,No,No,No,No,No,Month-to-month,Yes,Bank transfer (automatic),38.03,1445.36,No
CUST-01742,Female,1,Yes,No,49,Yes,No,DSL,No,No,Yes,No internet service,No,Yes,Two year,Yes,Bank transfer (automatic),119.73,5866.77,No
CUST-01743,Male,0,No,No,27,Yes,Yes,DSL,No,No internet service,No,Yes,No internet service,No internet service,Month-to-month,Yes,Electronic check,44.18,1212.91,No
CUST-01744,Male,0,Yes,No,41,Yes,No,Fiber optic,No,No,No internet service,Yes,No,No,Month-to-month,Yes,Credit card (automatic),87.96,3606.36,No
CUST-01745,Male,0,Yes,No,23,Yes,No,No,No internet service,Yes,No,Yes,No internet service,Yes,One year,No,Credit card (automatic),87.39,2009.97,No
CUST-01746,Female,0,Yes,Yes,31,Yes,No,DSL,No internet service,No,No internet service,No internet service,No,No,Month-to-month,Yes,Bank transfer (automatic),104.67,3286.13,No
CUST-01747,Female,0,No,Yes,9,Yes,No,No,No,Yes,No,Yes,No,Yes,Month-to-month,No,Credit card (automatic),58.68,528.12,Yes
CUST-01748,Male,0,Yes,No,25,Yes,No,DSL,No,No internet service,No,Yes,No,No,Two year,Yes,Electronic check,88.99,2229.45,No
CUST-01749,Female,0,No,No,10,Yes,No,Fiber optic,No internet service,No,Yes,No,Yes,No,Month-to-month,No,Mailed check,81.85,818.5,Yes
CUST-01750,Female,0,No,No,16,Yes,Yes,DSL,No internet service,No,No,No,Yes,Yes,Month-to-month,Yes,Credit card (automatic),62.51,1000.16,Yes
CUST-01751,Female,0,No,Yes,30,Yes,Yes,No,Yes,Yes,Yes,No,No internet service,Yes,Two year,Yes,Bank transfer (automatic),111.43,3342.9,No
CUST-01752,Female,0,Yes,No,36,Yes,Yes,DSL,Yes,No,No internet service,No internet service,No,Yes,Two year,No,Bank transfer (automatic),43.7,1574.39,No
CUST-01753,Female,0,Yes,No,68,Yes,No,Fiber optic,No,No,No internet service,Yes,Yes,No,One year,Yes,Mailed check,40.88,2779.84,Yes
CUST-01754,Male,0,Yes,No,1,Yes,Yes,DSL,No internet service,No,Yes,No,No,No,Month-to-month,Yes,Bank transfer (automatic),82.3,94.13,No
CUST-01755,Female,1,Yes,Yes,65,Yes,No,No,No internet service,No,Yes,No,Yes,Yes,Month-to-month,No,Mailed check,37.41,2431.65,Yes
CUST-01756,Male,0,No,No,23,Yes,No,No,No internet service,No,No,No,No,Yes,Two year,No,Bank transfer (automatic),102.66,2361.18,No
CUST-01757,Male,1,Yes,Yes,52,Yes,No,DSL,Yes,Yes,No,No internet service,Yes,No internet service,Month-to-month,No,Electronic check,52.65,2737.8,No
CUST-01758,Female,0,Yes,No,49,Yes,No,DSL,No internet service,No,Yes,No,No internet service,Yes,Two year,Yes,Bank transfer (automatic),60.95,3015.16,Yes
CUST-01759,Female,0,No,Yes,70,Yes,No phone service,Fiber optic,Yes,No,Yes,Yes,No,Yes,Two year,No,Credit card (automatic),87.6,6146.71,No
CUST-01760,Female,0,Yes,Yes,7,Yes,No phone service,Fiber optic,No,No internet service,Yes,Yes,No,No,Month-to-month,No,Electronic check,108.28,757.96,Yes
CUST-01761,Male,0,Yes,Yes,70,Yes,Yes,No,No,No internet service,No,Yes,No,Yes,One year,No,Mailed check,88.38,6186.6,No
CUST-01762,Male,1,No,No,4,Yes,No,Fiber optic,No,No,Yes,No internet service,No internet service,No internet service,Two year,Yes,Bank transfer (automatic),27.61,110.44,Yes
CUST-01763,Male,0,No,No,64,Yes,Yes,Fiber optic,No,Yes,No,Yes,No internet service,Yes,Two year,No,Electronic check,52.48,3381.47,No
CUST-01764,Female,0,No,No,47,Yes,No,Fiber optic,Yes,Yes,Yes,No internet service,No,No internet service,One year,No,Electronic check,94.51,4460.15,Yes
CUST-01765,Female,0,Yes,No,35,Yes,No,Fiber optic,Yes,No internet service,No,Yes,Yes,Yes,Month-to-month,Yes,Electronic check,110.59,3891.58,Yes
CUST-01766,Female,1,No,No,29,Yes,Yes,DSL,No internet service,No internet service,No,No internet service,No,Yes,One year,Yes,Electronic check,82.65,2396.85,No
CUST-01767,Female,0,No,No,6,Yes,Yes,DSL,Yes,Yes,Yes,No internet service,No internet service,Yes,One year,Yes,Credit card (automatic),78.81,488.98,Yes
CUST-01768,Male,0,Yes,No,58,No,No,DSL,No,No,No internet service,Yes,No internet service,No internet service,One year,Yes,Electronic check,56.68,3307.98,No
CUST-01769,Male,1,Yes,No,53,Yes,No,Fiber optic,Yes,No,No,Yes,No,No,Month-to-month,No,Bank transfer (automatic),66.76,3538.28,Yes
CUST-01770,Male,1,No,No,68,Yes,No,DSL,No,Yes,No internet service,No internet service,No,Yes,Two year,Yes,Mailed check,62.09,4222.12,No
CUST-01771,Male,0,Yes,No,53,Yes,Yes,Fiber optic,Yes,No internet service,No,Yes,Yes,No internet service,Month-to-month,Yes,Bank transfer (automatic),23.63,1252.39,Yes
CUST-01772,Male,0,Yes,No,69,No,Yes,DSL,No,No internet service,No,Yes,Yes,Yes,Month-to-month,No,Credit card (automatic),20.23,1404.39,No
CUST-01773,Male,1,No,Yes,64,Yes,No,Fiber optic,No,No internet service,Yes,No internet service,Yes,Yes,Month-to-month,No,Credit card (automatic),80.98,5193.9,No
CUST-01774,Male,0,No,No,31,Yes,No,DSL,No,Yes,No,No internet service,Yes,Yes,Month-to-month,Yes,Electronic check,70.0,2170.0,Yes
CUST-01775,Female,0,Yes,Yes,51,Yes,Yes,Fiber optic,No internet service,No,No,No,No,No internet service,Month-to-month,Yes,Electronic check,42.98,2191.98,Yes
CUST-01776,Male,0,No,Yes,19,Yes,Yes,DSL,Yes,No internet service,No,No internet service,Yes,Yes,Month-to-month,Yes,Mailed check,109.06,2072.14,No
CUST-01777,Male,0,No,No,58,Yes,No,DSL,No,No,Yes,No,No,Yes,Month-to-month,Yes,Credit card (automatic),39.07,2281.88,No
CUST-01778,Male,0,No,No,44,Yes,No,DSL,Yes,No,Yes,No,No,No internet service,Month-to-month,Yes,Credit card (automatic),89.45,3935.8,Yes
CUST-01779,Male,0,Yes,No,32,Yes,No,Fiber optic,No internet service,No,Yes,No,Yes,No,Month-to-month,Yes,Bank transfer (automatic),98.41,3149.12,No
CUST-01780,Female,0,Yes,Yes,45,Yes,No,Fiber optic,Yes,Yes,Yes,No,No,Yes,Month-to-month,No,Credit card (automatic),103.7,4666.5,No
CUST-01781,Male,0,No,No,20,Yes,No,DSL,No,No,No,No,Yes,No,Month-to-month,Yes,Electronic check,103.63,2072.6,Yes
CUST-01782,Male,0,Yes,No,45,Yes,No,Fiber optic,No,No internet service,No internet service,No,Yes,Yes,Month-to-month,Yes,Bank transfer (automatic),99.01,4461.76,No
CUST-01783,Male,0,No,No,34,No,Yes,Fiber optic,No,Yes,Yes,No internet service,No internet service,No,Month-to-month,No,Credit card (automatic),64.7,2199.8,No
CUST-01784,Female,0,No,No,23,Yes,Yes,Fiber optic,No internet service,Yes,Yes,No,Yes,Yes,One year,Yes,Credit card (automatic),81.64,1895.9,Yes
CUST-01785,Female,0,Yes,Yes,71,Yes,No phone service,Fiber optic,Yes,No,Yes,No,Yes,No,Month-to-month,Yes,Bank transfer (automatic),105.49,7519.04,Yes
CUST-01786,Male,0,No,No,4,Yes,No,DSL,No,No,Yes,No,No,No,One year,Yes,Bank transfer (automatic),60.87,251.76,Yes
CUST-01787,Male,0,No,No,55,Yes,No,Fiber optic,No internet service,No,No,Yes,Yes,Yes,Month-to-month,Yes,Electronic check,86.43,4776.11,Yes
CUST-01788,Male,0,No,No,15,Yes,Yes,Fiber optic,No internet service,Yes,Yes,No,No,Yes,Month-to-month,Yes,Bank transfer (automatic),34.27,514.05,Yes
CUST-01789,Male,1,No,No,16,Yes,Yes,Fiber optic,No,No,No internet service,No internet service,No,Yes,Month-to-month,Yes,Electronic check,75.6,1209.6,Yes
CUST-01790,Female,0,No,No,11,Yes,Yes,DSL,No,Yes,No internet service,No,No,No,Month-to-month,Yes,Mailed check,32.39,366.58,No
CUST-01791,Female,0,No,No,7,Yes,No phone service,Fiber optic,No,No,No,No,No,No,One year,No,Electronic check,85.35,597.45,Yes
CUST-01792,Female,0,No,No,9,Yes,No,DSL,No,No,No internet service,No,No internet service,No,Two year,No,Mailed check,56.44,507.96,No
CUST-01793,Male,0,No,Yes,60,Yes,No,Fiber optic,No internet service,No,No,No internet service,Yes,No internet service,One year,Yes,Electronic check,41.24,2502.9,No
CUST-01794,Male,1,Yes,Yes,67,Yes,No phone service,DSL,No internet service,No,No internet service,No,No,No internet service,Month-to-month,No,Mailed check,54.8,3677.58,Yes
CUST-01795,Male,1,Yes,No,42,Yes,Yes,DSL,No,No,Yes,Yes,Yes,No internet service,Month-to-month,Yes,Electronic check,89.54,3774.72,Yes
CUST-01796,Male,0,Yes,No,1,Yes,No,Fiber optic,No,No,No internet service,No,Yes,No,Two year,Yes,Credit card (automatic),110.62,110.62,Yes
CUST-01797,Female,0,No,No,63,Yes,Yes,No,No,No,Yes,No,No internet service,Yes,Month-to-month,Yes,Bank transfer (automatic),19.15,1240.05,No
CUST-01798,Male,0,Yes,No,43,Yes,Yes,DSL,Yes,No,No,Yes,No,No,Month-to-month,Yes,Bank transfer (automatic),35.12,1510.16,No
CUST-01799,Male,0,No,No,38,Yes,No phone service,Fiber optic,No internet service,No,No internet service,No,Yes,Yes,Month-to-month,Yes,Bank transfer (automatic),89.98,3439.62,No
CUST-01800,Female,0,Yes,No,69,Yes,No,Fiber optic,No,No,No,No,No,Yes,Two year,No,Credit card (automatic),76.01,5244.69,No
CUST-01801,Male,1,Yes,No,29,Yes,Yes,No,Yes,No,Yes,Yes,Yes,Yes,Two year,Yes,Bank transfer (automatic),50.56,1469.61,No
CUST-01802,Male,0,Yes,No,26,Yes,Yes,Fiber optic,No,No,Yes,No internet service,No,Yes,Month-to-month,Yes,Bank transfer (automatic),84.48,2207.64,Yes
CUST-01803,Male,0,No,No,56,Yes,No,DSL,Yes,Yes,Yes,No internet service,Yes,No,Month-to-month,Yes,Electronic check,106.45,6001.11,No
CUST-01804,Male,0,No,No,38,Yes,Yes,DSL,Yes,No,No,No,No internet service,Yes,Two year,No,Bank transfer (automatic),44.31,1683.78,No
CUST-01805,Male,0,No,No,52,Yes,No,Fiber optic,No,Yes,No,Yes,Yes,Yes,Month-to-month,Yes,Mailed check,67.54,3516.13,No
CUST-01806,Male,0,No,No,50,Yes,No,DSL,No,No internet service,No,No internet service,Yes,No internet service,Month-to-month,No,Electronic check,20.12,1017.84,No
CUST-01807,Male,0,Yes,No,61,Yes,Yes,No,No,No,No internet service,No,No internet service,No,Month-to-month,Yes,Mailed check,114.49,6983.89,Yes
CUST-01808,Male,0,No,No,23,Yes,Yes,No,Yes,Yes,Yes,No internet service,No internet service,Yes,Month-to-month,No,Mailed check,99.77,2294.71,No
CUST-01809,Male,0,Yes,Yes,5,No,Yes,No,No,No,No internet service,Yes,Yes,Yes,Month-to-month,Yes,Electronic check,69.52,347.6,No
CUST-01810,Female,0,Yes,No,34,Yes,No phone service,DSL,Yes,No,No,Yes,No,Yes,One year,Yes,Bank transfer (automatic),119.18,4071.46,No
CUST-01811,Male,0,No,No,47,Yes,Yes,Fiber optic,No internet service,No internet service,No,No,No internet service,No internet service,One year,Yes,Credit card (automatic),40.46,1935.95,Yes
CUST-01812,Female,1,No,Yes,59,No,No,Fiber optic,Yes,No internet service,No,No internet service,No,Yes,One year,Yes,Electronic check,93.88,5538.92,No
CUST-01813,Female,0,Yes,No,19,Yes,Yes,DSL,No internet service,No internet service,No internet service,Yes,No,No internet service,Month-to-month,Yes,Electronic check,96.49,1833.31,No
CUST-01814,Male,0,No,No,54,No,No,DSL,Yes,No,Yes,No,No,Yes,Month-to-month,Yes,Credit card (automatic),102.75,5579.19,Yes
CUST-01815,Female,0,Yes,No,60,No,Yes,DSL,Yes,No internet service,No,No,No internet service,No internet service,Two year,Yes,Bank transfer (automatic),87.88,5272.8,No
CUST-01816,Male,0,No,No,59,Yes,Yes,Fiber optic,No,No,No internet service,No internet service,No,Yes,Month-to-month,Yes,Electronic check,37.44,2208.96,No
CUST-01817,Male,0,No,No,58,Yes,No,No,No,No internet service,No,No internet service,Yes,No,Month-to-month,Yes,Mailed check,27.32,1613.74,No
CUST-01818,Male,0,No,Yes,72,Yes,No,No,No internet service,Yes,Yes,No internet service,No,Yes,Month-to-month,No,Electronic check,36.4,2646.69,Yes
CUST-01819,Male,0,No,No,48,Yes,Yes,DSL,No,No internet service,No,No,No,Yes,Month-to-month,No,Credit card (automatic),105.55,5085.08,Yes
CUST-01820,Male,1,No,No,27,Yes,Yes,Fiber optic,No,No,No internet service,No internet service,No,No internet service,Month-to-month,No,Bank transfer (automatic),59.0,1593.0,No
CUST-01821,Male,0,Yes,No,31,Yes,No phone service,DSL,Yes,Yes,Yes,No,Yes,No,Month-to-month,Yes,Electronic check,73.71,2285.01,Yes
CUST-01822,Female,0,No,No,54,Yes,Yes,DSL,No,No internet service,No,Yes,No,Yes,One year,Yes,Electronic check,20.59,1134.27,No
CUST-01823,Male,0,Yes,No,17,Yes,Yes,DSL,No,No,No internet service,No,No,No,Month-to-month,No,Bank transfer (automatic),68.13,1164.57,Yes
CUST-01824,Female,1,Yes,Yes,44,Yes,No,Fiber optic,No internet service,No internet service,No,No,No internet service,Yes,Two year,No,Bank transfer (automatic),59.75,2629.0,Yes
CUST-01825,Female,1,No,No,41,Yes,Yes,Fiber optic,No,Yes,Yes,No,Yes,No internet service,One year,No,Bank transfer (automatic),72.53,2973.73,Yes
CUST-01826,Female,0,No,Yes,48,Yes,No,No,No,No,No,Yes,No,No,Month-to-month,No,Electronic check,56.28,2723.66,No
CUST-01827,Male,0,Yes,No,30,Yes,No,No,No internet service,No,No,No,No,Yes,Two year,No,Credit card (automatic),25.7,801.55,No
CUST-01828,Female,0,Yes,Yes,54,No,No,DSL,Yes,Yes,No,No internet service,Yes,Yes,Two year,No,Electronic check,22.48,1213.92,No
CUST-01829,Female,0,No,No,5,Yes,No,Fiber optic,No,No,No,No,No,Yes,Month-to-month,Yes,Electronic check,114.88,574.4,Yes
CUST-01830,Female,0,Yes,No,54,No,No,DSL,No internet service,No,No,No internet service,Yes,No internet service,One year,Yes,Bank transfer (automatic),79.59,4297.86,No
CUST-01831,Male,0,Yes,No,59,Yes,No,Fiber optic,No,Yes,No internet service,No,No,Yes,One year,No,Bank transfer (automatic),83.63,4961.03,Yes
CUST-01832,Female,0,Yes,Yes,64,Yes,Yes,Fiber optic,No,No,No internet service,Yes,No,Yes,One year,No,Mailed check,111.37,7154.15,No
CUST-01833,Female,0,Yes,No,67,Yes,Yes,DSL,No internet service,Yes,No internet service,Yes,Yes,No internet service,Month-to-month,Yes,Bank transfer (automatic),74.19,4974.62,No
CUST-01834,Male,0,No,No,25,Yes,No,DSL,Yes,No internet service,No,No,No,Yes,Month-to-month,Yes,Bank transfer (automatic),80.79,2019.75,Yes
CUST-01835,Male,0,No,No,3,Yes,Yes,DSL,No internet service,No internet service,Yes,Yes,No internet service,Yes,Month-to-month,No,Mailed check,71.35,235.71,Yes
CUST-01836,Male,0,No,Yes,47,Yes,Yes,DSL,No,No,No,No,Yes,No,Month-to-month,Yes,Electronic check,35.95,1722.11,Yes
CUST-01837,Female,0,Yes,No,6,Yes,Yes,No,No,No,Yes,No internet service,No internet service,Yes,Month-to-month,No,Bank transfer (automatic),49.77,298.62,Yes
CUST-01838,Male,0,No,No,20,Yes,No,DSL,No,No,No,No,Yes,No internet service,Two year,Yes,Bank transfer (automatic),108.2,2164.0,No
CUST-01839,Male,0,No,No,51,Yes,Yes,Fiber optic,No,No,Yes,No internet service,Yes,No,Month-to-month,Yes,Credit card (automatic),63.27,3249.89,Yes
CUST-01840,Female,0,Yes,Yes,43,Yes,No,No,Yes,No internet service,No,No internet service,No,Yes,Month-to-month,No,Mailed check,38.82,1670.73,No
CUST-01841,Male,0,Yes,No,44,Yes,No,Fiber optic,Yes,Yes,No,No,Yes,No,Month-to-month,No,Mailed check,102.46,4508.24,Yes
CUST-01842,Male,0,Yes,No,54,Yes,No,Fiber optic,No,No,No,Yes,No internet service,Yes,Month-to-month,Yes,Electronic check,26.91,1456.84,Yes
CUST-01843,Female,0,No,Yes,12,Yes,Yes,No,No,Yes,No,Yes,No,No,Two year,Yes,Mailed check,83.23,1006.17,No
CUST-01844,Female,0,No,No,57,Yes,No,DSL,No,No,Yes,No,No,No,Two year,Yes,Bank transfer (automatic),89.41,5096.37,No
CUST-01845,Female,0,Yes,No,42,Yes,Yes,DSL,Yes,No internet service,Yes,No,No,No,Month-to-month,Yes,Mailed check,48.98,2058.98,No
CUST-01846,Female,0,Yes,No,30,Yes,No phone service,Fiber optic,Yes,Yes,No,No,No,No,Month-to-month,No,Bank transfer (automatic),35.02,1057.95,Yes
CUST-01847,Male,0,Yes,No,33,Yes,No,Fiber optic,Yes,Yes,No internet service,No,No,No,Month-to-month,Yes,Electronic check,63.73,2103.09,Yes
CUST-01848,Female,0,No,Yes,37,Yes,Yes,No,No,Yes,No internet service,No,No,Yes,Two year,No,Credit card (automatic),95.01,3515.37,Yes
CUST-01849,Female,0,Yes,Yes,40,Yes,No,DSL,Yes,Yes,No internet service,Yes,No internet service,No internet service,Month-to-month,No,Credit card (automatic),108.44,4337.6,No
CUST-01850,Male,0,Yes,No,24,No,No,Fiber optic,Yes,No,Yes,Yes,No,Yes,Month-to-month,Yes,Credit card (automatic),101.16,2427.84,No
CUST-01851,Male,0,Yes,No,16,Yes,No,Fiber optic,No,No,Yes,No,Yes,No internet service,Month-to-month,Yes,Bank transfer (automatic),29.17,483.73,Yes
CUST-01852,Male,0,No,No,12,Yes,No,No,No,No,No,No internet service,No,No,Month-to-month,No,Bank transfer (automatic),40.72,488.64,No
CUST-01853,Male,0,Yes,Yes,24,Yes,No,DSL,No,Yes,No,No,No,Yes,Month-to-month,Yes,Electronic check,80.93,1946.1,Yes
CUST-01854,Male,0,No,Yes,19,Yes,No,DSL,Yes,No,No,No,Yes,Yes,Two year,No,Electronic check,90.41,1717.79,No
CUST-01855,Male,0,No,Yes,37,Yes,No,No,No internet service,No internet service,No,No,No,No internet service,Month-to-month,Yes,Mailed check,18.89,698.93,No
CUST-01856,Female,1,No,No,66,Yes,Yes,Fiber optic,No,No,No,No,No,No internet service,Month-to-month,Yes,Credit card (automatic),32.54,2175.07,No
CUST-01857,Male,0,Yes,No,7,Yes,No,DSL,No,Yes,No,Yes,Yes,No,Month-to-month,Yes,Electronic check,27.59,193.13,Yes
CUST-01858,Female,0,Yes,No,22,No,No,DSL,Yes,No,No internet service,Yes,No internet service,Yes,Month-to-month,Yes,Bank transfer (automatic),52.79,1161.38,No
CUST-01859,Female,0,Yes,No,3,Yes,No,Fiber optic,Yes,Yes,Yes,Yes,No,No,Two year,No,Credit card (automatic),87.44,262.32,No
CUST-01860,Female,0,No,Yes,71,Yes,No,Fiber optic,No,No internet service,No internet service,Yes,Yes,Yes,One year,Yes,Credit card (automatic),114.21,8115.69,No
CUST-01861,Female,0,No,No,51,Yes,Yes,Fiber optic,Yes,No internet service,No,No,No internet service,No,Two year,Yes,Bank transfer (automatic),27.13,1400.16,Yes
CUST-01862,Male,0,No,Yes,17,Yes,No,No,No,No internet service,Yes,No,No internet service,Yes,Two year,Yes,Bank transfer (automatic),69.62,1208.96,No
CUST-01863,Female,0,No,No,30,Yes,Yes,DSL,No,Yes,No internet service,Yes,No internet service,No internet service,One year,Yes,Electronic check,55.99,1679.7,Yes
CUST-01864,Male,0,No,No,52,Yes,Yes,DSL,Yes,Yes,No internet service,Yes,Yes,No,One year,No,Electronic check,58.63,3048.76,No
CUST-01865,Female,0,Yes,No,69,Yes,No,Fiber optic,Yes,No internet service,No,Yes,Yes,Yes,Month-to-month,No,Mailed check,24.94,1723.48,No
CUST-01866,Male,0,No,No,41,Yes,Yes,No,Yes,No,Yes,Yes,No,No,One year,No,Credit card (automatic),47.41,1947.15,No
CUST-01867,Male,0,No,No,19,Yes,Yes,DSL,No,No,Yes,Yes,No,Yes,One year,No,Electronic check,43.75,831.25,Yes
CUST-01868,Female,0,Yes,No,50,Yes,Yes,Fiber optic,Yes,No,No,Yes,No,Yes,One year,Yes,Credit card (automatic),91.27,4592.75,No
CUST-01869,Male,1,No,Yes,50,Yes,No,DSL,No,Yes,Yes,Yes,No,Yes,Month-to-month,Yes,Mailed check,83.47,4173.94,Yes
CUST-01870,Female,0,Yes,Yes,47,Yes,No phone service,DSL,No,No,Yes,No internet service,No,Yes,One year,Yes,Electronic check,82.9,3906.99,Yes
CUST-01871,Male,0,Yes,No,3,Yes,No,No,No,No internet service,No,No,No internet service,Yes,Month-to-month,No,Electronic check,70.96,221.37,Yes
CUST-01872,Male,0,Yes,Yes,51,Yes,Yes,DSL,No internet service,No,Yes,Yes,No,No,One year,Yes,Bank transfer (automatic),52.89,2705.47,No
CUST-01873,Female,0,Yes,Yes,1,Yes,No,DSL,No internet service,No,No,No,No internet service,No,Month-to-month,No,Electronic check,42.87,42.87,No
CUST-01874,Female,0,Yes,Yes,66,Yes,Yes,Fiber optic,No,No internet service,No,Yes,No internet service,No,Month-to-month,Yes,Bank transfer (automatic),19.15,1263.9,Yes
CUST-01875,Male,0,Yes,Yes,64,Yes,No phone service,Fiber optic,No,No,Yes,No,Yes,No internet service,Month-to-month,Yes,Credit card (automatic),33.09,2163.37,No
CUST-01876,Male,0,No,No,41,Yes,No,Fiber optic,No,Yes,No,No,No internet service,No internet service,One year,Yes,Bank transfer (automatic),40.43,1689.37,Yes
CUST-01877,Male,0,Yes,No,47,Yes,Yes,No,No internet service,No,Yes,No internet service,Yes,Yes,One year,No,Mailed check,117.51,5526.11,No
CUST-01878,Female,0,Yes,Yes,4,Yes,No,DSL,No,Yes,Yes,No internet service,Yes,No,Month-to-month,Yes,Credit card (automatic),116.99,467.96,Yes
CUST-01879,Female,0,No,No,63,Yes,Yes,Fiber optic,Yes,Yes,No,No,No internet service,No internet service,Month-to-month,No,Electronic check,96.3,6066.9,No
CUST-01880,Male,0,Yes,Yes,19,Yes,No,DSL,No,No,No,Yes,No,Yes,Month-to-month,No,Electronic check,80.25,1524.75,No
CUST-01881,Male,0,Yes,No,19,Yes,Yes,DSL,Yes,Yes,Yes,No,No,Yes,Month-to-month,Yes,Electronic check,86.22,1638.18,Yes
CUST-01882,Male,0,Yes,Yes,51,No,No,Fiber optic,No,Yes,No,No,No internet service,No internet service,Month-to-month,No,Electronic check,79.26,4042.26,Yes
CUST-01883,Male,0,No,No,68,Yes,No,DSL,Yes,No,No,No internet service,Yes,No,Two year,Yes,Credit card (automatic),83.98,5710.64,No
CUST-01884,Female,0,Yes,No,36,Yes,No,No,Yes,Yes,No,Yes,Yes,No internet service,Two year,No,Electronic check,40.36,1465.41,No
CUST-01885,Female,0,No,No,37,Yes,No,No,No,No,No,No,Yes,No internet service,Month-to-month,Yes,Electronic check,117.62,4351.94,Yes
CUST-01886,Male,0,Yes,Yes,40,Yes,Yes,No,No,Yes,No,No,No,Yes,Two year,No,Credit card (automatic),95.18,3812.65,No
CUST-01887,Female,0,Yes,Yes,21,Yes,No,DSL,No,No,No,No,Yes,No,Month-to-month,Yes,Credit card (automatic),41.89,879.69,No
CUST-01888,Male,1,No,Yes,43,Yes,No,DSL,No internet service,No internet service,Yes,No,Yes,No internet service,Two year,Yes,Electronic check,70.39,3026.77,No
CUST-01889,Male,0,No,No,70,Yes,Yes,No,No internet service,Yes,No,No,No internet service,Yes,Month-to-month,No,Mailed check,98.5,6928.48,Yes
CUST-01890,Male,0,Yes,Yes,27,Yes,Yes,Fiber optic,No,No,No,No,Yes,Yes,One year,Yes,Bank transfer (automatic),110.94,3010.34,No
CUST-01891,Male,0,Yes,No,56,Yes,Yes,Fiber optic,No internet service,Yes,Yes,No,No,Yes,Month-to-month,No,Mailed check,57.15,3200.4,No
CUST-01892,Male,1,No,No,56,Yes,Yes,No,No,Yes,No,Yes,Yes,No,Month-to-month,Yes,Credit card (automatic),67.34,3781.39,No
CUST-01893,Female,0,Yes,No,62,Yes,No,DSL,Yes,No,No internet service,Yes,No,No,Month-to-month,Yes,Electronic check,49.61,3075.82,Yes
CUST-01894,Female,0,Yes,No,52,Yes,No,DSL,No internet service,Yes,Yes,No internet service,No,No internet service,One year,Yes,Credit card (automatic),56.41,2933.32,No
CUST-01895,Male,1,No,Yes,67,Yes,No,Fiber optic,No,Yes,No internet service,No,No,Yes,Two year,No,Bank transfer (automatic),41.23,2788.96,No
CUST-01896,Female,0,Yes,No,52,Yes,No phone service,Fiber optic,No internet service,No,No,No,Yes,No,One year,Yes,Electronic check,21.05,1101.63,Yes
CUST-01897,Female,1,No,Yes,71,Yes,Yes,DSL,Yes,No internet service,No,No,Yes,Yes,Two year,Yes,Bank transfer (automatic),60.47,4298.79,No
CUST-01898,Female,0,No,No,52,Yes,No,Fiber optic,Yes,No internet service,No internet service,No,Yes,No internet service,Month-to-month,Yes,Electronic check,66.0,3451.74,Yes
CUST-01899,Female,0,No,No,61,Yes,Yes,No,Yes,No internet service,No internet service,No,Yes,No,Two year,Yes,Credit card (automatic),97.55,5962.78,No
CUST-01900,Male,0,Yes,Yes,64,Yes,Yes,Fiber optic,No,No,No,Yes,No,No,Two year,No,Credit card (automatic),71.31,4563.84,No
CUST-01901,Female,0,Yes,No,71,Yes,Yes,DSL,No internet service,Yes,No,No,Yes,Yes,Month-to-month,No,Electronic check,51.29,3660.32,Yes
CUST-01902,Female,1,Yes,Yes,43,No,Yes,Fiber optic,No,Yes,Yes,No,Yes,Yes,Month-to-month,Yes,Bank transfer (automatic),65.25,2805.75,Yes
CUST-01903,Female,0,Yes,Yes,51,Yes,Yes,Fiber optic,Yes,No,Yes,Yes,Yes,Yes,Month-to-month,Yes,Mailed check,99.21,5059.71,Yes
CUST-01904,Male,1,No,No,70,Yes,No,No,No,No internet service,No internet service,No,No internet service,No internet service,Month-to-month,Yes,Electronic check,67.06,4694.2,Yes
CUST-01905,Male,0,No,No,27,No,Yes,DSL,No,Yes,No,Yes,No,Yes,Month-to-month,No,Bank transfer (automatic),74.63,2025.96,No
CUST-01906,Male,0,No,No,8,Yes,Yes,No,No,Yes,No internet service,Yes,No,No internet service,One year,No,Electronic check,35.65,285.2,Yes
CUST-01907,Male,1,No,No,64,Yes,No,Fiber optic,No,No,Yes,No internet service,No,Yes,Two year,Yes,Electronic check,18.78,1201.92,Yes
CUST-01908,Male,0,No,No,46,Yes,Yes,Fiber optic,Yes,No internet service,Yes,No internet service,No,No,Month-to-month,No,Credit card (automatic),112.83,5190.18,Yes
CUST-01909,Male,1,Yes,Yes,31,Yes,No,DSL,No,No,Yes,Yes,Yes,Yes,Two year,Yes,Mailed check,45.33,1405.23,No
CUST-01910,Female,0,Yes,Yes,52,Yes,No phone service,DSL,No,No,No,No,No,Yes,Two year,Yes,Credit card (automatic),53.45,2779.4,No
CUST-01911,Male,0,Yes,No,2,Yes,No,Fiber optic,Yes,No,Yes,Yes,No,No,One year,Yes,Bank transfer (automatic),29.71,59.42,Yes
CUST-01912,Female,0,No,Yes,34,Yes,No,DSL,No,No,No,No,Yes,Yes,Two year,Yes,Bank transfer (automatic),70.33,2391.22,No
CUST-01913,Male,0,Yes,No,19,Yes,No,DSL,No,No,No internet service,No,Yes,No,Two year,Yes,Mailed check,93.18,1773.1,No
CUST-01914,Female,0,No,Yes,21,Yes,No,No,No,No,No internet service,No internet service,No internet service,No,Month-to-month,Yes,Mailed check,87.98,1873.63,Yes
CUST-01915,Male,0,Yes,Yes,70,Yes,No phone service,DSL,Yes,No,No,No,No,Yes,Two year,Yes,Electronic check,105.27,7371.58,No
CUST-01916,Female,0,No,No,40,Yes,No phone service,No,Yes,No,Yes,No,Yes,No,Month-to-month,Yes,Bank transfer (automatic),47.23,1915.51,No
CUST-01917,Male,0,No,No,10,Yes,No,Fiber optic,No,Yes,No,No internet service,No internet service,No,Month-to-month,Yes,Bank transfer (automatic),50.1,501.0,Yes
CUST-01918,Male,1,Yes,No,26,Yes,No,No,Yes,Yes,No,Yes,Yes,Yes,Month-to-month,Yes,Electronic check,116.49,3037.61,Yes
CUST-01919,Male,0,Yes,No,17,Yes,No,DSL,No internet service,Yes,Yes,Yes,Yes,Yes,One year,No,Mailed check,64.57,1124.73,No
CUST-01920,Female,0,Yes,Yes,66,Yes,Yes,Fiber optic,No,Yes,No,No,Yes,Yes,Two year,Yes,Credit card (automatic),103.12,6805.92,Yes
CUST-01921,Male,1,Yes,No,21,Yes,No,Fiber optic,No,Yes,No internet service,No,No internet service,Yes,Month-to-month,Yes,Mailed check,80.37,1688.29,Yes
CUST-01922,Female,0,Yes,Yes,26,Yes,No,No,No,No,Yes,Yes,Yes,Yes,One year,Yes,Mailed check,36.45,947.7,No
CUST-01923,Female,0,No,No,24,Yes,No,DSL,No,No internet service,No internet service,No,No,No,Month-to-month,Yes,Electronic check,115.66,2787.69,Yes
CUST-01924,Male,0,Yes,No,12,Yes,Yes,DSL,Yes,No,Yes,No,No,Yes,Two year,Yes,Electronic check,51.09,631.13,No
CUST-01925,Male,0,Yes,No,56,Yes,Yes,No,Yes,No,Yes,No,No,No internet service,Month-to-month,Yes,Credit card (automatic),83.46,4680.79,No
CUST-01926,Male,0,No,Yes,42,Yes,Yes,DSL,No,No internet service,Yes,No internet service,Yes,No,One year,Yes,Mailed check,43.96,1846.32,No
CUST-01927,Male,0,No,No,31,Yes,No,Fiber optic,No,No internet service,No internet service,No,Yes,Yes,One year,Yes,Mailed check,76.72,2378.32,No
CUST-01928,Male,0,Yes,No,28,No,No phone service,DSL,No internet service,Yes,No,No,No,No,Month-to-month,No,Electronic check,73.19,2049.32,Yes
CUST-01929,Male,0,No,No,48,Yes,No,DSL,No,Yes,No,No,No,Yes,Two year,Yes,Credit card (automatic),44.63,2142.24,Yes
CUST-01930,Female,0,Yes,Yes,7,Yes,Yes,Fiber optic,No,Yes,No,Yes,No,Yes,Two year,Yes,Mailed check,118.85,836.67,No
CUST-01931,Male,0,Yes,No,68,Yes,Yes,Fiber optic,No,No internet service,No internet service,No internet service,Yes,No internet service,Month-to-month,Yes,Bank transfer (automatic),32.35,2202.14,Yes
CUST-01932,Male,0,Yes,Yes,41,Yes,No,Fiber optic,Yes,Yes,No,No internet service,No,No,One year,No,Bank transfer (automatic),63.19,2622.24,No
CUST-01933,Female,0,Yes,No,16,Yes,No,Fiber optic,No internet service,No,No,No internet service,No,Yes,Two year,No,Mailed check,21.2,339.2,No
CUST-01934,Female,1,Yes,Yes,39,No,No,Fiber optic,Yes,No,No,No internet service,No,No internet service,Month-to-month,No,Mailed check,87.64,3417.96,No
CUST-01935,Male,0,No,Yes,62,Yes,Yes,No,No internet service,No,No,No,No,No internet service,Month-to-month,No,Electronic check,65.13,4038.06,Yes
CUST-01936,Male,0,Yes,No,12,No,Yes,DSL,Yes,No,No,No,Yes,No,One year,Yes,Bank transfer (automatic),75.13,901.56,No
CUST-01937,Male,0,Yes,Yes,38,Yes,No,DSL,No,No,Yes,Yes,Yes,No,One year,Yes,Bank transfer (automatic),89.25,3413.14,No
CUST-01938,Female,0,Yes,No,43,Yes,No,DSL,Yes,No,No internet service,No internet service,Yes,No,One year,No,Electronic check,95.93,4124.99,No
CUST-01939,Female,0,Yes,No,59,Yes,Yes,Fiber optic,No,No internet service,Yes,No,No,No,One year,Yes,Electronic check,116.51,6874.09,No
CUST-01940,Male,0,Yes,No,41,No,No phone service,DSL,Yes,Yes,No internet service,Yes,Yes,No,One year,No,Mailed check,106.13,4359.61,No
CUST-01941,Male,1,No,No,53,Yes,No,Fiber optic,No,No internet service,No,No internet service,Yes,No internet service,Month-to-month,Yes,Bank transfer (automatic),51.03,2721.58,Yes
CUST-01942,Male,0,No,No,56,Yes,No phone service,Fiber optic,No internet service,No,Yes,No,Yes,No,Month-to-month,Yes,Bank transfer (automatic),92.18,5162.08,Yes
CUST-01943,Female,0,No,Yes,65,Yes,No,Fiber optic,No,Yes,Yes,No internet service,Yes,Yes,Month-to-month,Yes,Electronic check,25.75,1673.75,Yes
CUST-01944,Male,0,Yes,No,26,Yes,No,No,Yes,No internet service,No,No,No,Yes,Month-to-month,Yes,Bank transfer (automatic),31.89,829.14,No
CUST-01945,Male,0,No,Yes,51,Yes,No phone service,Fiber optic,No internet service,No internet service,No,No internet service,No,Yes,One year,No,Bank transfer (automatic),64.88,3322.03,No
CUST-01946,Male,0,No,Yes,18,Yes,No phone service,Fiber optic,No,No internet service,No internet service,No,No,Yes,Two year,Yes,Electronic check,64.88,1170.7,No
CUST-01947,Male,0,No,Yes,61,Yes,No phone service,DSL,Yes,No internet service,No,No,No,Yes,Month-to-month,Yes,Mailed check,69.59,4244.99,No
CUST-01948,Female,0,Yes,No,69,Yes,No,Fiber optic,No,No,Yes,No,No,No,One year,Yes,Credit card (automatic),66.47,4601.22,No
CUST-01949,Male,1,No,No,21,Yes,No,DSL,No internet service,Yes,No,Yes,No,No internet service,Month-to-month,No,Mailed check,83.42,1754.31,Yes
CUST-01950,Male,1,Yes,No,40,Yes,Yes,No,No,Yes,No,Yes,No internet service,Yes,Month-to-month,No,Electronic check,115.34,4613.6,No
CUST-01951,Female,0,No,No,60,Yes,Yes,Fiber optic,No,No internet service,No internet service,No internet service,No internet service,Yes,Two year,No,Credit card (automatic),35.61,2136.6,No
CUST-01952,Female,0,Yes,No,1,Yes,No phone service,DSL,No,No internet service,No,No internet service,No internet service,No internet service,Month-to-month,Yes,Electronic check,54.46,54.46,Yes
CUST-01953,Male,0,No,No,51,Yes,Yes,DSL,No,No internet service,No internet service,No internet service,No internet service,No,Two year,Yes,Electronic check,25.58,1343.72,Yes
CUST-01954,Male,1,Yes,Yes,59,No,No,Fiber optic,No,No internet service,Yes,Yes,No internet service,No,Month-to-month,Yes,Electronic check,38.4,2265.6,No
CUST-01955,Female,0,No,No,63,Yes,No phone service,No,No,No,No,Yes,No,No,Month-to-month,Yes,Credit card (automatic),118.71,7478.73,Yes
CUST-01956,Male,0,Yes,No,14,Yes,No phone service,DSL,No,Yes,No,No internet service,No,No,One year,Yes,Bank transfer (automatic),22.03,308.42,Yes
CUST-01957,Female,0,No,No,55,Yes,No phone service,DSL,Yes,Yes,No,Yes,No,Yes,Two year,No,Electronic check,39.8,2191.38,No
CUST-01958,Female,0,Yes,Yes,57,Yes,No,Fiber optic,No,No,Yes,No,Yes,Yes,One year,Yes,Electronic check,61.5,3523.17,Yes
CUST-01959,Female,0,No,No,0,Yes,No,No,No internet service,No,No,No,Yes,No,Two year,Yes,Credit card (automatic),47.85,12.42,No
CUST-01960,Male,1,No,No,51,Yes,No phone service,No,Yes,Yes,No,No internet service,No internet service,Yes,Two year,Yes,Electronic check,73.61,3754.11,No
CUST-01961,Female,0,Yes,Yes,45,Yes,Yes,DSL,Yes,No internet service,Yes,No,No,Yes,One year,Yes,Credit card (automatic),119.03,5381.78,No
CUST-01962,Female,1,Yes,Yes,70,Yes,Yes,Fiber optic,Yes,No,Yes,No,Yes,Yes,Month-to-month,Yes,Mailed check,89.8,6302.29,No
CUST-01963,Male,0,No,No,3,Yes,No phone service,No,Yes,Yes,No,No,No,No,Month-to-month,No,Electronic check,59.4,178.2,No
CUST-01964,Female,0,Yes,No,70,Yes,No,Fiber optic,No internet service,No internet service,Yes,Yes,Yes,No,One year,No,Mailed check,87.66,6136.2,No
CUST-01965,Female,0,Yes,No,41,Yes,No,Fiber optic,No,No,No,No,Yes,No,One year,No,Mailed check,106.97,4397.78,Yes
CUST-01966,Female,0,No,Yes,20,Yes,Yes,Fiber optic,No,No,No internet service,No,No,No,Month-to-month,No,Electronic check,41.36,848.69,Yes
CUST-01967,Male,0,Yes,No,28,Yes,No,Fiber optic,No,No,No,No,No,Yes,Month-to-month,Yes,Mailed check,91.13,2551.64,No
CUST-01968,Male,0,Yes,Yes,55,Yes,No phone service,DSL,No,No,No,No,No,No internet service,Month-to-month,No,Bank transfer (automatic),80.62,4435.51,No
CUST-01969,Female,0,Yes,No,72,No,No,DSL,No internet service,Yes,No,No,Yes,No internet service,Month-to-month,No,Mailed check,92.85,6685.2,No
CUST-01970,Male,0,Yes,No,23,Yes,Yes,Fiber optic,No internet service,No,Yes,Yes,No,Yes,Month-to-month,Yes,Bank transfer (automatic),26.58,611.34,Yes
CUST-01971,Female,0,Yes,No,71,Yes,No,DSL,No,No,No,No internet service,Yes,No,Two year,No,Credit card (automatic),92.76,6585.96,Yes
CUST-01972,Female,0,Yes,Yes,45,Yes,No,Fiber optic,No,No internet service,Yes,No,No,Yes,Two year,No,Electronic check,98.38,4448.19,Yes
CUST-01973,Female,0,Yes,No,14,Yes,No phone service,No,No,No internet service,Yes,No,No,No internet service,Two year,No,Bank transfer (automatic),88.1,1244.09,No
CUST-01974,Male,1,Yes,No,43,Yes,Yes,No,No internet service,Yes,Yes,No,Yes,Yes,One year,Yes,Electronic check,38.12,1681.29,Yes
CUST-01975,Female,0,Yes,No,58,Yes,No,DSL,Yes,No internet service,No,No internet service,No internet service,No,Month-to-month,Yes,Electronic check,34.46,1998.68,Yes
CUST-01976,Male,0,Yes,Yes,3,Yes,Yes,DSL,No,Yes,Yes,No internet service,No,No internet service,One year,No,Mailed check,93.31,282.67,No
CUST-01977,Female,0,Yes,No,5,Yes,No,Fiber optic,No,Yes,Yes,Yes,Yes,No,Two year,No,Mailed check,84.07,426.54,No
CUST-01978,Male,0,No,No,0,No,Yes,Fiber optic,No,No,No internet service,No,No,Yes,One year,Yes,Credit card (automatic),118.33,17.92,No
CUST-01979,Male,0,Yes,Yes,41,Yes,No,DSL,No internet service,No internet service,Yes,No,Yes,No,Month-to-month,Yes,Mailed check,64.38,2666.75,Yes
CUST-01980,Female,1,No,No,4,Yes,No,No,No,No internet service,No,No internet service,Yes,No internet service,One year,Yes,Credit card (automatic),41.39,167.43,Yes
CUST-01981,Female,0,No,No,68,Yes,Yes,DSL,Yes,No internet service,No,No internet service,No internet service,Yes,Month-to-month,Yes,Credit card (automatic),96.51,6562.68,No
CUST-01982,Female,0,No,No,9,Yes,Yes,DSL,No,Yes,No,No,No,No,Month-to-month,No,Mailed check,94.35,849.15,Yes
CUST-01983,Male,0,No,No,5,Yes,Yes,Fiber optic,No internet service,Yes,Yes,No internet service,No,No,Month-to-month,Yes,Electronic check,71.32,359.45,Yes
CUST-01984,Female,0,Yes,No,18,Yes,Yes,Fiber optic,No,Yes,Yes,No,No,No,Month-to-month,Yes,Credit card (automatic),94.1,1716.26,Yes
CUST-01985,Female,0,No,No,55,Yes,No,Fiber optic,No internet service,No,No internet service,No,No internet service,No internet service,Two year,No,Mailed check,49.68,2732.4,No
CUST-01986,Female,0,Yes,No,66,Yes,Yes,Fiber optic,No internet service,No,No,No,No internet service,No,Month-to-month,Yes,Mailed check,40.0,2640.0,Yes
CUST-01987,Female,0,No,Yes,18,Yes,Yes,No,No internet service,Yes,Yes,No,Yes,No,Month-to-month,No,Bank transfer (automatic),30.86,570.62,No
CUST-01988,Male,0,Yes,No,37,No,No phone service,DSL,No,No,No,Yes,Yes,No internet service,Two year,Yes,Mailed check,47.63,1762.31,No
CUST-01989,Male,0,Yes,No,56,Yes,Yes,Fiber optic,No,No,No,No,No,Yes,Two year,Yes,Bank transfer (automatic),84.77,4747.12,No
CUST-01990,Female,0,Yes,No,58,Yes,No,DSL,No internet service,No,Yes,Yes,Yes,Yes,Month-to-month,No,Credit card (automatic),44.36,2595.61,Yes
CUST-01991,Female,0,Yes,Yes,11,Yes,No,Fiber optic,No internet service,No,No,Yes,No,No internet service,Month-to-month,Yes,Electronic check,108.11,1189.21,No
CUST-01992,Male,0,Yes,No,61,Yes,No,Fiber optic,Yes,Yes,No,No internet service,Yes,No,Month-to-month,Yes,Bank transfer (automatic),43.48,2652.28,No
CUST-01993,Male,0,No,No,63,Yes,No,Fiber optic,Yes,No,No,Yes,No internet service,No,One year,Yes,Mailed check,87.81,5559.4,Yes
CUST-01994,Female,0,Yes,No,53,Yes,Yes,DSL,No,No,No internet service,No internet service,Yes,Yes,Two year,No,Bank transfer (automatic),71.81,3805.93,Yes
CUST-01995,Female,0,No,No,38,Yes,No,No,No,Yes,No,No,No internet service,Yes,Month-to-month,Yes,Credit card (automatic),39.58,1504.04,No
CUST-01996,Male,0,Yes,No,28,No,No,Fiber optic,No internet service,Yes,No internet service,No,No,Yes,Two year,Yes,Bank transfer (automatic),74.73,2125.02,No
CUST-01997,Female,0,No,No,64,Yes,Yes,No,No,No internet service,No,No internet service,Yes,No,One year,Yes,Mailed check,115.38,7388.99,No
CUST-01998,Female,0,Yes,No,63,Yes,No,Fiber optic,Yes,No,No,No,No internet service,No,One year,No,Credit card (automatic),114.31,7215.12,Yes
CUST-01999,Male,1,Yes,No,37,No,No,No,No,Yes,No,No internet service,No,Yes,Month-to-month,Yes,Bank transfer (automatic),47.74,1766.38,No
CUST-02000,Male,0,Yes,No,54,Yes,No phone service,Fiber optic,No internet service,No,No,Yes,No,No,Two year,No,Electronic check,72.72,3926.88,No
